track_id,album_id,album_title,album_url,artist_id,artist_name,artist_url,artist_website,license_image_file,license_image_file_large,license_parent_id,license_title,license_url,tags,track_bit_rate,track_comments,track_composer,track_copyright_c,track_copyright_p,track_date_created,track_date_recorded,track_disc_number,track_duration,track_explicit,track_explicit_notes,track_favorites,track_file,track_genres,track_image_file,track_information,track_instrumental,track_interest,track_language_code,track_listens,track_lyricist,track_number,track_publisher,track_title,track_url
2,1,AWOL - A Way Of Life,http://freemusicarchive.org/music/AWOL/AWOL_-_A_Way_Of_Life/,1,AWOL,http://freemusicarchive.org/music/AWOL/,http://www.AzillionRecords.blogspot.com,http://i.creativecommons.org/l/by-nc-sa/3.0/us/88x31.png,http://fma-files.s3.amazonaws.com/resources/img/licenses/by-nc-sa.png,5,Attribution-NonCommercial-ShareAlike 3.0 International,http://creativecommons.org/licenses/by-nc-sa/3.0/,[],256000,0,,,,11/26/2008 01:48:12 AM,11/26/2008,1,02:48,Radio-Unsafe,,2,music/WFMU/AWOL/AWOL_-_A_Way_Of_Life/AWOL_-_03_-_Food.mp3,"[{'genre_id': '21', 'genre_title': 'Hip-Hop', 'genre_url': 'http://freemusicarchive.org/genre/Hip-Hop/'}]",https://freemusicarchive.org/file/images/albums/AWOL_-_AWOL_-_A_Way_Of_Life_-_2009113011911435.jpg,,0,4656,en,1293,,3,,Food,http://freemusicarchive.org/music/AWOL/AWOL_-_A_Way_Of_Life/Food
3,1,AWOL - A Way Of Life,http://freemusicarchive.org/music/AWOL/AWOL_-_A_Way_Of_Life/,1,AWOL,http://freemusicarchive.org/music/AWOL/,http://www.AzillionRecords.blogspot.com,http://i.creativecommons.org/l/by-nc-sa/3.0/us/88x31.png,http://fma-files.s3.amazonaws.com/resources/img/licenses/by-nc-sa.png,5,Attribution-NonCommercial-ShareAlike 3.0 International,http://creativecommons.org/licenses/by-nc-sa/3.0/,[],256000,0,,,,11/26/2008 01:48:14 AM,11/26/2008,1,03:57,Radio-Unsafe,,1,music/WFMU/AWOL/AWOL_-_A_Way_Of_Life/AWOL_-_04_-_Electric_Ave.mp3,"[{'genre_id': '21', 'genre_title': 'Hip-Hop', 'genre_url': 'http://freemusicarchive.org/genre/Hip-Hop/'}]",https://freemusicarchive.org/file/images/albums/AWOL_-_AWOL_-_A_Way_Of_Life_-_2009113011911435.jpg,,0,1470,en,514,,4,,Electric Ave,http://freemusicarchive.org/music/AWOL/AWOL_-_A_Way_Of_Life/Electric_Ave
5,1,AWOL - A Way Of Life,http://freemusicarchive.org/music/AWOL/AWOL_-_A_Way_Of_Life/,1,AWOL,http://freemusicarchive.org/music/AWOL/,http://www.AzillionRecords.blogspot.com,http://i.creativecommons.org/l/by-nc-sa/3.0/us/88x31.png,http://fma-files.s3.amazonaws.com/resources/img/licenses/by-nc-sa.png,5,Attribution-NonCommercial-ShareAlike 3.0 International,http://creativecommons.org/licenses/by-nc-sa/3.0/,[],256000,0,,,,11/26/2008 01:48:20 AM,11/26/2008,1,03:26,Radio-Unsafe,,6,music/WFMU/AWOL/AWOL_-_A_Way_Of_Life/AWOL_-_06_-_This_World.mp3,"[{'genre_id': '21', 'genre_title': 'Hip-Hop', 'genre_url': 'http://freemusicarchive.org/genre/Hip-Hop/'}]",https://freemusicarchive.org/file/images/albums/AWOL_-_AWOL_-_A_Way_Of_Life_-_2009113011911435.jpg,,0,1933,en,1151,,6,,This World,http://freemusicarchive.org/music/AWOL/AWOL_-_A_Way_Of_Life/This_World
10,6,Constant Hitmaker,http://freemusicarchive.org/music/Kurt_Vile/Constant_Hitmaker/,6,Kurt Vile,http://freemusicarchive.org/music/Kurt_Vile/,http://kurtvile.com,http://i.creativecommons.org/l/by-nc-nd/3.0/88x31.png,http://fma-files.s3.amazonaws.com/resources/img/licenses/by-nc-nd.png,,Attribution-NonCommercial-NoDerivatives (aka Music Sharing) 3.0 International,http://creativecommons.org/licenses/by-nc-nd/3.0/,[],192000,0,Kurt Vile,,,11/25/2008 05:49:06 PM,11/26/2008,1,02:41,Radio-Safe,,178,music/WFMU/Kurt_Vile/Constant_Hitmaker/Kurt_Vile_-_01_-_Freeway.mp3,"[{'genre_id': '10', 'genre_title': 'Pop', 'genre_url': 'http://freemusicarchive.org/genre/Pop/'}]",https://freemusicarchive.org/file/images/albums/Kurt_Vile_-_Constant_Hitmaker_-_2009113012923399.jpg,,0,54881,en,50135,,1,,Freeway,http://freemusicarchive.org/music/Kurt_Vile/Constant_Hitmaker/Freeway
20,4,Niris,http://freemusicarchive.org/music/Chris_and_Nicky_Andrews/Niris/,4,Nicky Cook,http://freemusicarchive.org/music/Chris_and_Nicky_Andrews/,,http://i.creativecommons.org/l/by-nc-nd/3.0/88x31.png,http://fma-files.s3.amazonaws.com/resources/img/licenses/by-nc-nd.png,,Attribution-NonCommercial-NoDerivatives (aka Music Sharing) 3.0 International,http://creativecommons.org/licenses/by-nc-nd/3.0/,[],256000,0,,,,11/26/2008 01:48:56 AM,1/01/2008,1,05:11,,,0,music/WFMU/Nicky_Cook__Chris_Andrews/Niris/Nicky_Cook__Chris_Andrews_-_03_-_Spiritual_Level.mp3,"[{'genre_id': '76', 'genre_title': 'Experimental Pop', 'genre_url': 'http://freemusicarchive.org/genre/Experimental_Pop/'}, {'genre_id': '103', 'genre_title': 'Singer-Songwriter', 'genre_url': 'http://freemusicarchive.org/genre/Singer-Songwriter/'}]",https://freemusicarchive.org/file/images/albums/Chris_and_Nicky_Andrews_-_Niris_-_2009113012134556.jpg,,0,978,en,361,,3,,Spiritual Level,http://freemusicarchive.org/music/Chris_and_Nicky_Andrews/Niris/Spiritual_Level
26,4,Niris,http://freemusicarchive.org/music/Chris_and_Nicky_Andrews/Niris/,4,Nicky Cook,http://freemusicarchive.org/music/Chris_and_Nicky_Andrews/,,http://i.creativecommons.org/l/by-nc-nd/3.0/88x31.png,http://fma-files.s3.amazonaws.com/resources/img/licenses/by-nc-nd.png,,Attribution-NonCommercial-NoDerivatives (aka Music Sharing) 3.0 International,http://creativecommons.org/licenses/by-nc-nd/3.0/,[],256000,0,,,,11/26/2008 01:49:05 AM,1/01/2008,1,03:01,,,0,music/WFMU/Nicky_Cook__Chris_Andrews/Niris/Nicky_Cook__Chris_Andrews_-_04_-_Where_is_your_Love.mp3,"[{'genre_id': '76', 'genre_title': 'Experimental Pop', 'genre_url': 'http://freemusicarchive.org/genre/Experimental_Pop/'}, {'genre_id': '103', 'genre_title': 'Singer-Songwriter', 'genre_url': 'http://freemusicarchive.org/genre/Singer-Songwriter/'}]",https://freemusicarchive.org/file/images/albums/Chris_and_Nicky_Andrews_-_Niris_-_2009113012134556.jpg,,0,1060,en,193,,4,,Where is your Love?,http://freemusicarchive.org/music/Chris_and_Nicky_Andrews/Niris/Where_is_your_Love
30,4,Niris,http://freemusicarchive.org/music/Chris_and_Nicky_Andrews/Niris/,4,Nicky Cook,http://freemusicarchive.org/music/Chris_and_Nicky_Andrews/,,http://i.creativecommons.org/l/by-nc-nd/3.0/88x31.png,http://fma-files.s3.amazonaws.com/resources/img/licenses/by-nc-nd.png,,Attribution-NonCommercial-NoDerivatives (aka Music Sharing) 3.0 International,http://creativecommons.org/licenses/by-nc-nd/3.0/,[],256000,0,,,,11/26/2008 01:49:11 AM,1/01/2008,1,02:54,,,0,music/WFMU/Nicky_Cook__Chris_Andrews/Niris/Nicky_Cook__Chris_Andrews_-_05_-_Too_Happy.mp3,"[{'genre_id': '76', 'genre_title': 'Experimental Pop', 'genre_url': 'http://freemusicarchive.org/genre/Experimental_Pop/'}, {'genre_id': '103', 'genre_title': 'Singer-Songwriter', 'genre_url': 'http://freemusicarchive.org/genre/Singer-Songwriter/'}]",https://freemusicarchive.org/file/images/albums/Chris_and_Nicky_Andrews_-_Niris_-_2009113012134556.jpg,,0,718,en,612,,5,,Too Happy,http://freemusicarchive.org/music/Chris_and_Nicky_Andrews/Niris/Too_Happy
46,4,Niris,http://freemusicarchive.org/music/Chris_and_Nicky_Andrews/Niris/,4,Nicky Cook,http://freemusicarchive.org/music/Chris_and_Nicky_Andrews/,,http://i.creativecommons.org/l/by-nc-nd/3.0/88x31.png,http://fma-files.s3.amazonaws.com/resources/img/licenses/by-nc-nd.png,,Attribution-NonCommercial-NoDerivatives (aka Music Sharing) 3.0 International,http://creativecommons.org/licenses/by-nc-nd/3.0/,[],256000,0,,,,11/26/2008 01:49:53 AM,1/01/2008,1,01:44,,,0,music/WFMU/Nicky_Cook__Chris_Andrews/Niris/Nicky_Cook__Chris_Andrews_-_08_-_Yosemite.mp3,"[{'genre_id': '76', 'genre_title': 'Experimental Pop', 'genre_url': 'http://freemusicarchive.org/genre/Experimental_Pop/'}, {'genre_id': '103', 'genre_title': 'Singer-Songwriter', 'genre_url': 'http://freemusicarchive.org/genre/Singer-Songwriter/'}]",https://freemusicarchive.org/file/images/albums/Chris_and_Nicky_Andrews_-_Niris_-_2009113012134556.jpg,,0,252,en,171,,8,,Yosemite,http://freemusicarchive.org/music/Chris_and_Nicky_Andrews/Niris/Yosemite
48,4,Niris,http://freemusicarchive.org/music/Chris_and_Nicky_Andrews/Niris/,4,Nicky Cook,http://freemusicarchive.org/music/Chris_and_Nicky_Andrews/,,http://i.creativecommons.org/l/by-nc-nd/3.0/88x31.png,http://fma-files.s3.amazonaws.com/resources/img/licenses/by-nc-nd.png,,Attribution-NonCommercial-NoDerivatives (aka Music Sharing) 3.0 International,http://creativecommons.org/licenses/by-nc-nd/3.0/,[],256000,0,,,,11/26/2008 01:49:56 AM,1/01/2008,1,03:25,,,0,music/WFMU/Nicky_Cook__Chris_Andrews/Niris/Nicky_Cook__Chris_Andrews_-_09_-_Light_of_Light.mp3,"[{'genre_id': '76', 'genre_title': 'Experimental Pop', 'genre_url': 'http://freemusicarchive.org/genre/Experimental_Pop/'}, {'genre_id': '103', 'genre_title': 'Singer-Songwriter', 'genre_url': 'http://freemusicarchive.org/genre/Singer-Songwriter/'}]",https://freemusicarchive.org/file/images/albums/Chris_and_Nicky_Andrews_-_Niris_-_2009113012134556.jpg,,0,247,en,173,,9,,Light of Light,http://freemusicarchive.org/music/Chris_and_Nicky_Andrews/Niris/Light_of_Light
134,1,AWOL - A Way Of Life,http://freemusicarchive.org/music/AWOL/AWOL_-_A_Way_Of_Life/,1,AWOL,http://freemusicarchive.org/music/AWOL/,http://www.AzillionRecords.blogspot.com,http://i.creativecommons.org/l/by-nc-sa/3.0/us/88x31.png,http://fma-files.s3.amazonaws.com/resources/img/licenses/by-nc-sa.png,5,Attribution-NonCommercial-ShareAlike 3.0 International,http://creativecommons.org/licenses/by-nc-sa/3.0/,[],256000,0,,,,11/26/2008 01:43:19 AM,11/26/2008,1,03:27,Radio-Unsafe,,3,music/WFMU/AWOL/AWOL_-_A_Way_Of_Life/AWOL_-_05_-_Street_Music.mp3,"[{'genre_id': '21', 'genre_title': 'Hip-Hop', 'genre_url': 'http://freemusicarchive.org/genre/Hip-Hop/'}]",https://freemusicarchive.org/file/images/albums/AWOL_-_AWOL_-_A_Way_Of_Life_-_2009113011911435.jpg,,0,1126,en,943,,5,,Street Music,http://freemusicarchive.org/music/AWOL/AWOL_-_A_Way_Of_Life/Street_Music
135,58,mp3,http://freemusicarchive.org/music/Abominog/mp3_1_1535/,52,Abominog,http://freemusicarchive.org/music/Abominog/,http://myspace.com/abominog,http://i.creativecommons.org/l/by-nc-sa/3.0/us/88x31.png,http://fma-files.s3.amazonaws.com/resources/img/licenses/by-nc-sa.png,5,Attribution-NonCommercial-ShareAlike 3.0 International,http://creativecommons.org/licenses/by-nc-sa/3.0/,[],256000,1,,,,11/26/2008 01:43:26 AM,11/26/2008,1,13:57,,,0,music/WFMU/Abominog/mp3/Abominog_-_Fathers_Day.mp3,"[{'genre_id': '45', 'genre_title': 'Loud-Rock', 'genre_url': 'http://freemusicarchive.org/genre/Loud-Rock/'}, {'genre_id': '58', 'genre_title': 'Psych-Rock', 'genre_url': 'http://freemusicarchive.org/genre/Psych-Rock/'}]",,,0,2484,en,1832,,0,,Father's Day,http://freemusicarchive.org/music/Abominog/mp3_1_1535/Fathers_Day
136,58,mp3,http://freemusicarchive.org/music/Abominog/mp3_1_1535/,52,Abominog,http://freemusicarchive.org/music/Abominog/,http://myspace.com/abominog,http://i.creativecommons.org/l/by-nc-sa/3.0/us/88x31.png,http://fma-files.s3.amazonaws.com/resources/img/licenses/by-nc-sa.png,5,Attribution-NonCommercial-ShareAlike 3.0 International,http://creativecommons.org/licenses/by-nc-sa/3.0/,[],256000,1,,,,11/26/2008 01:43:35 AM,11/26/2008,1,08:29,,,0,music/WFMU/Abominog/mp3/Abominog_-_Peel_Back_The_Mountain_Sky.mp3,"[{'genre_id': '45', 'genre_title': 'Loud-Rock', 'genre_url': 'http://freemusicarchive.org/genre/Loud-Rock/'}, {'genre_id': '58', 'genre_title': 'Psych-Rock', 'genre_url': 'http://freemusicarchive.org/genre/Psych-Rock/'}]",,,0,1948,en,1498,,0,,Peel Back The Mountain Sky,http://freemusicarchive.org/music/Abominog/mp3_1_1535/Peel_Back_The_Mountain_Sky
137,59,Live at LACE,http://freemusicarchive.org/music/Airway/Live_at_LACE/,53,Airway,http://freemusicarchive.org/music/Airway/,http://www.lafms.com/,http://i.creativecommons.org/l/by-nc-sa/3.0/us/88x31.png,http://fma-files.s3.amazonaws.com/resources/img/licenses/by-nc-sa.png,5,Attribution-NonCommercial-ShareAlike 3.0 International,http://creativecommons.org/licenses/by-nc-sa/3.0/,['lafms'],256000,0,,,,11/26/2008 01:43:42 AM,4/27/1978,1,20:33,,,2,music/WFMU/Airway/Live_at_LACE/Airway_-_01_-_Side_A.mp3,"[{'genre_id': '1', 'genre_title': 'Avant-Garde', 'genre_url': 'http://freemusicarchive.org/genre/Avant-Garde/'}, {'genre_id': '32', 'genre_title': 'Noise', 'genre_url': 'http://freemusicarchive.org/genre/Noise/'}]",https://freemusicarchive.org/file/images/albums/Airway_-_Live_at_LACE_-_2009113011749812.jpg,"<p>Recorded live in downtown Los Angeles at the Lace Gallery, April 27, 1978.</p>",1,2559,en,1278,,1,,Side A,http://freemusicarchive.org/music/Airway/Live_at_LACE/Side_A
138,59,Live at LACE,http://freemusicarchive.org/music/Airway/Live_at_LACE/,53,Airway,http://freemusicarchive.org/music/Airway/,http://www.lafms.com/,http://i.creativecommons.org/l/by-nc-sa/3.0/us/88x31.png,http://fma-files.s3.amazonaws.com/resources/img/licenses/by-nc-sa.png,5,Attribution-NonCommercial-ShareAlike 3.0 International,http://creativecommons.org/licenses/by-nc-sa/3.0/,['lafms'],256000,0,,,,11/26/2008 01:43:56 AM,4/27/1978,1,20:31,,,2,music/WFMU/Airway/Live_at_LACE/Airway_-_02_-_Side_B.mp3,"[{'genre_id': '1', 'genre_title': 'Avant-Garde', 'genre_url': 'http://freemusicarchive.org/genre/Avant-Garde/'}, {'genre_id': '32', 'genre_title': 'Noise', 'genre_url': 'http://freemusicarchive.org/genre/Noise/'}]",https://freemusicarchive.org/file/images/albums/Airway_-_Live_at_LACE_-_2009113011749812.jpg,"<p>Recorded live in downtown Los Angeles at the Lace Gallery, April 27, 1978.</p>",1,1909,en,489,,2,,Side B,http://freemusicarchive.org/music/Airway/Live_at_LACE/Side_B
139,60,Every Man For Himself,http://freemusicarchive.org/music/Alec_K_Redfearn_and_the_Eyesores/Every_Man_For_Himself/,54,Alec K. Redfearn & the Eyesores,http://freemusicarchive.org/music/Alec_K_Redfearn_and_the_Eyesores/,http://www.aleckredfearn.com,http://i.creativecommons.org/l/by-nc-nd/3.0/us/88x31.png,http://fma-files.s3.amazonaws.com/resources/img/licenses/by-nc-nd.png,6,Attribution-Noncommercial-No Derivative Works 3.0 United States,http://creativecommons.org/licenses/by-nc-nd/3.0/us/,[],128000,0,,,,11/26/2008 01:44:05 AM,11/26/2008,1,04:56,,,3,music/WFMU/Alec_K_Redfearn_and_the_Eyesores/Every_Man_For_Himself/Alec_K_Redfearn_and_the_Eyesores_-_02_-_CandyAss.mp3,"[{'genre_id': '17', 'genre_title': 'Folk', 'genre_url': 'http://freemusicarchive.org/genre/Folk/'}]",https://freemusicarchive.org/file/images/albums/Alec_K_Redfearn_and_the_Eyesores_-_Every_Man_For_Himself_-_2009113011759189.jpg,,0,702,en,582,,2,,CandyAss,http://freemusicarchive.org/music/Alec_K_Redfearn_and_the_Eyesores/Every_Man_For_Himself/CandyAss
140,61,The Blind Spot,http://freemusicarchive.org/music/Alec_K_Redfearn_and_the_Eyesores/The_Blind_Spot/,54,Alec K. Redfearn & the Eyesores,http://freemusicarchive.org/music/Alec_K_Redfearn_and_the_Eyesores/,http://www.aleckredfearn.com,http://i.creativecommons.org/l/by-nc-nd/3.0/us/88x31.png,http://fma-files.s3.amazonaws.com/resources/img/licenses/by-nc-nd.png,6,Attribution-Noncommercial-No Derivative Works 3.0 United States,http://creativecommons.org/licenses/by-nc-nd/3.0/us/,[],128000,0,,,,11/26/2008 01:44:07 AM,11/26/2008,1,04:13,,,5,music/WFMU/Alec_K_Redfearn_and_the_Eyesores/The_Blind_Spot/Alec_K_Redfearn_and_the_Eyesores_-_02_-_Queen_Of_The_Wires.mp3,"[{'genre_id': '17', 'genre_title': 'Folk', 'genre_url': 'http://freemusicarchive.org/genre/Folk/'}]",https://freemusicarchive.org/file/images/albums/Alec_K_Redfearn_and_the_Eyesores_-_The_Blind_Spot_-_2009113011759706.jpg,,0,1593,en,1299,,2,,Queen Of The Wires,http://freemusicarchive.org/music/Alec_K_Redfearn_and_the_Eyesores/The_Blind_Spot/Queen_Of_The_Wires
141,60,Every Man For Himself,http://freemusicarchive.org/music/Alec_K_Redfearn_and_the_Eyesores/Every_Man_For_Himself/,54,Alec K. Redfearn & the Eyesores,http://freemusicarchive.org/music/Alec_K_Redfearn_and_the_Eyesores/,http://www.aleckredfearn.com,http://i.creativecommons.org/l/by-nc-nd/3.0/us/88x31.png,http://fma-files.s3.amazonaws.com/resources/img/licenses/by-nc-nd.png,6,Attribution-Noncommercial-No Derivative Works 3.0 United States,http://creativecommons.org/licenses/by-nc-nd/3.0/us/,[],128000,0,,,,11/26/2008 01:44:10 AM,11/26/2008,1,03:02,,,1,music/WFMU/Alec_K_Redfearn_and_the_Eyesores/Every_Man_For_Himself/Alec_K_Redfearn_and_the_Eyesores_-_04_-_Ohio.mp3,"[{'genre_id': '17', 'genre_title': 'Folk', 'genre_url': 'http://freemusicarchive.org/genre/Folk/'}]",https://freemusicarchive.org/file/images/albums/Alec_K_Redfearn_and_the_Eyesores_-_Every_Man_For_Himself_-_2009113011759189.jpg,,0,839,en,725,,4,,Ohio,http://freemusicarchive.org/music/Alec_K_Redfearn_and_the_Eyesores/Every_Man_For_Himself/Ohio
142,62,The Quiet Room,http://freemusicarchive.org/music/Alec_K_Redfearn_and_the_Eyesores/The_Quiet_Room/,54,Alec K. Redfearn & the Eyesores,http://freemusicarchive.org/music/Alec_K_Redfearn_and_the_Eyesores/,http://www.aleckredfearn.com,http://i.creativecommons.org/l/by-nc-nd/3.0/us/88x31.png,http://fma-files.s3.amazonaws.com/resources/img/licenses/by-nc-nd.png,6,Attribution-Noncommercial-No Derivative Works 3.0 United States,http://creativecommons.org/licenses/by-nc-nd/3.0/us/,[],128000,0,,,,11/26/2008 01:44:11 AM,11/26/2008,1,07:50,,,6,music/WFMU/Alec_K_Redfearn_and_the_Eyesores/The_Quiet_Room/Alec_K_Redfearn_and_the_Eyesores_-_05_-_Punjabi_Watery_Grave.mp3,"[{'genre_id': '17', 'genre_title': 'Folk', 'genre_url': 'http://freemusicarchive.org/genre/Folk/'}]",https://freemusicarchive.org/file/images/albums/Alec_K_Redfearn_and_the_Eyesores_-_The_Quiet_Room_-_2009113011800085.jpg,,0,1223,en,848,,5,,Punjabi Watery Grave,http://freemusicarchive.org/music/Alec_K_Redfearn_and_the_Eyesores/The_Quiet_Room/Punjabi_Watery_Grave
144,64,Amoebiasis,http://freemusicarchive.org/music/Amoebic_Ensemble/Amoebiasis/,56,Amoebic Ensemble,http://freemusicarchive.org/music/Amoebic_Ensemble/,http://www.myspace.com/amoebicensemble,http://i.creativecommons.org/l/by-nc-nd/3.0/us/88x31.png,http://fma-files.s3.amazonaws.com/resources/img/licenses/by-nc-nd.png,6,Attribution-Noncommercial-No Derivative Works 3.0 United States,http://creativecommons.org/licenses/by-nc-nd/3.0/us/,[],256000,0,,,,11/26/2008 01:44:15 AM,11/26/1998,1,01:22,,,1,music/WFMU/Amoebic_Ensemble/Amoebiasis/Amoebic_Ensemble_-_01_-_Wire_Up.mp3,"[{'genre_id': '4', 'genre_title': 'Jazz', 'genre_url': 'http://freemusicarchive.org/genre/Jazz/'}]",https://freemusicarchive.org/file/images/albums/Amoebic_Ensemble_-_Amoebiasis_-_2009113011815218.jpg,,0,1146,en,1143,,1,,Wire Up,http://freemusicarchive.org/music/Amoebic_Ensemble/Amoebiasis/Wire_Up
145,64,Amoebiasis,http://freemusicarchive.org/music/Amoebic_Ensemble/Amoebiasis/,56,Amoebic Ensemble,http://freemusicarchive.org/music/Amoebic_Ensemble/,http://www.myspace.com/amoebicensemble,http://i.creativecommons.org/l/by-nc-nd/3.0/us/88x31.png,http://fma-files.s3.amazonaws.com/resources/img/licenses/by-nc-nd.png,6,Attribution-Noncommercial-No Derivative Works 3.0 United States,http://creativecommons.org/licenses/by-nc-nd/3.0/us/,[],256000,0,,,,11/26/2008 01:44:18 AM,11/26/1998,1,05:26,,,1,music/WFMU/Amoebic_Ensemble/Amoebiasis/Amoebic_Ensemble_-_03_-_Amoebiasis.mp3,"[{'genre_id': '4', 'genre_title': 'Jazz', 'genre_url': 'http://freemusicarchive.org/genre/Jazz/'}]",https://freemusicarchive.org/file/images/albums/Amoebic_Ensemble_-_Amoebiasis_-_2009113011815218.jpg,,0,968,en,883,,3,,Amoebiasis,http://freemusicarchive.org/music/Amoebic_Ensemble/Amoebiasis/Amoebiasis
146,65,Limbic Rage,http://freemusicarchive.org/music/Amoebic_Ensemble/Limbic_Rage/,56,Amoebic Ensemble,http://freemusicarchive.org/music/Amoebic_Ensemble/,http://www.myspace.com/amoebicensemble,http://i.creativecommons.org/l/by-nc-nd/3.0/us/88x31.png,http://fma-files.s3.amazonaws.com/resources/img/licenses/by-nc-nd.png,6,Attribution-Noncommercial-No Derivative Works 3.0 United States,http://creativecommons.org/licenses/by-nc-nd/3.0/us/,[],256000,0,,,,11/26/2008 01:44:21 AM,11/26/1995,1,05:54,,,5,music/WFMU/Amoebic_Ensemble/Limbic_Rage/Amoebic_Ensemble_-_06_-_Gimme_a_Buck_or_Ill_Touch_You__Boilermaker.mp3,"[{'genre_id': '4', 'genre_title': 'Jazz', 'genre_url': 'http://freemusicarchive.org/genre/Jazz/'}]",https://freemusicarchive.org/file/images/albums/Amoebic_Ensemble_-_Limbic_Rage_-_2009113011816264.jpg,,0,855,en,690,,6,,Gimme a Buck or I'll Touch You / Boilermaker,http://freemusicarchive.org/music/Amoebic_Ensemble/Limbic_Rage/Gimme_a_Buck_or_Ill_Touch_You__Boilermaker
147,65,Limbic Rage,http://freemusicarchive.org/music/Amoebic_Ensemble/Limbic_Rage/,56,Amoebic Ensemble,http://freemusicarchive.org/music/Amoebic_Ensemble/,http://www.myspace.com/amoebicensemble,http://i.creativecommons.org/l/by-nc-nd/3.0/us/88x31.png,http://fma-files.s3.amazonaws.com/resources/img/licenses/by-nc-nd.png,6,Attribution-Noncommercial-No Derivative Works 3.0 United States,http://creativecommons.org/licenses/by-nc-nd/3.0/us/,[],256000,0,,,,11/26/2008 01:44:25 AM,11/26/1995,1,03:52,,,2,music/WFMU/Amoebic_Ensemble/Limbic_Rage/Amoebic_Ensemble_-_07_-_Repetitive_Motion_Sickness.mp3,"[{'genre_id': '4', 'genre_title': 'Jazz', 'genre_url': 'http://freemusicarchive.org/genre/Jazz/'}]",https://freemusicarchive.org/file/images/albums/Amoebic_Ensemble_-_Limbic_Rage_-_2009113011816264.jpg,,0,930,en,766,,7,,Repetitive Motion Sickness,http://freemusicarchive.org/music/Amoebic_Ensemble/Limbic_Rage/Repetitive_Motion_Sickness
148,66,Contradiction,http://freemusicarchive.org/music/Contradiction/Contradiction/,57,Contradiction,http://freemusicarchive.org/music/Contradiction/,http://nowave.pair.com/contradiction/index.html,http://i.creativecommons.org/l/by-nc-sa/3.0/us/88x31.png,http://fma-files.s3.amazonaws.com/resources/img/licenses/by-nc-sa.png,5,Attribution-Noncommercial-Share Alike 3.0 United States,http://creativecommons.org/licenses/by-nc-sa/3.0/us/,[],256000,0,,,,11/26/2008 01:44:28 AM,8/01/2002,1,02:18,,,1,music/WFMU/Contradiction/Contradiction/Contradiction_-_02_-_Blackout_2.mp3,"[{'genre_id': '1', 'genre_title': 'Avant-Garde', 'genre_url': 'http://freemusicarchive.org/genre/Avant-Garde/'}]",https://freemusicarchive.org/file/images/albums/Contradiction_-_Contradiction_-_2009113012208726.jpg,,0,2437,en,1831,,2,,Blackout 2,http://freemusicarchive.org/music/Contradiction/Contradiction/Blackout_2
149,67,Two Gong/Wire Pieces,http://freemusicarchive.org/music/Andy_Hayleck/Two_GongWire_Pieces/,58,Andy Hayleck,http://freemusicarchive.org/music/Andy_Hayleck/,http://www.ehserecords.com/ehse006.html,http://i.creativecommons.org/l/by-nc-sa/3.0/us/88x31.png,http://fma-files.s3.amazonaws.com/resources/img/licenses/by-nc-sa.png,5,Attribution-NonCommercial-ShareAlike 3.0 International,http://creativecommons.org/licenses/by-nc-sa/3.0/,[],287639,0,,,,11/26/2008 01:44:34 AM,1/01/2006,1,16:28,Radio-Safe,,1,music/WFMU/Andy_Hayleck/Two_GongWire_Pieces/Andy_Hayleck_-_02_-_Outside_the_window_bees_buzzed.mp3,"[{'genre_id': '1', 'genre_title': 'Avant-Garde', 'genre_url': 'http://freemusicarchive.org/genre/Avant-Garde/'}]",https://freemusicarchive.org/file/images/albums/Andy_Hayleck_-_Two_GongWire_Pieces_-_2009113011822661.jpg,,0,1103,en,453,,2,,Outside the window bees buzzed...,http://freemusicarchive.org/music/Andy_Hayleck/Two_GongWire_Pieces/Outside_the_window_bees_buzzed
150,67,Two Gong/Wire Pieces,http://freemusicarchive.org/music/Andy_Hayleck/Two_GongWire_Pieces/,58,Andy Hayleck,http://freemusicarchive.org/music/Andy_Hayleck/,http://www.ehserecords.com/ehse006.html,http://i.creativecommons.org/l/by-nc-sa/3.0/us/88x31.png,http://fma-files.s3.amazonaws.com/resources/img/licenses/by-nc-sa.png,5,Attribution-NonCommercial-ShareAlike 3.0 International,http://creativecommons.org/licenses/by-nc-sa/3.0/,[],282817,0,,,,11/26/2008 01:44:45 AM,1/01/2006,1,19:42,Radio-Safe,,0,music/WFMU/Andy_Hayleck/Two_GongWire_Pieces/Andy_Hayleck_-_01_-__listening_to_the_sunshine_burn_the_grass.mp3,"[{'genre_id': '1', 'genre_title': 'Avant-Garde', 'genre_url': 'http://freemusicarchive.org/genre/Avant-Garde/'}]",https://freemusicarchive.org/file/images/albums/Andy_Hayleck_-_Two_GongWire_Pieces_-_2009113011822661.jpg,,0,1071,en,407,,1,,... listening to the sunshine burn the grass,http://freemusicarchive.org/music/Andy_Hayleck/Two_GongWire_Pieces/_listening_to_the_sunshine_burn_the_grass
151,68,Make Them Suffer,http://freemusicarchive.org/music/Animal_Writes/Make_Them_Suffer/,59,Animal Writes,http://freemusicarchive.org/music/Animal_Writes/,http://www.myspace.com/awrites,http://i.creativecommons.org/l/by-nc-sa/3.0/us/88x31.png,http://fma-files.s3.amazonaws.com/resources/img/licenses/by-nc-sa.png,5,Attribution-NonCommercial-ShareAlike 3.0 International,http://creativecommons.org/licenses/by-nc-sa/3.0/,[],192000,0,,,,11/26/2008 01:44:55 AM,,1,03:12,,,0,music/WFMU/Animal_Writes/Make_Them_Suffer/Animal_Writes_-_04_-_Untitled_04.mp3,"[{'genre_id': '25', 'genre_title': 'Punk', 'genre_url': 'http://freemusicarchive.org/genre/Punk/'}]",https://freemusicarchive.org/file/images/albums/Animal_Writes_-_Make_Them_Suffer_-_2009113011828070.jpg,,0,701,en,148,,4,,Untitled 04,http://freemusicarchive.org/music/Animal_Writes/Make_Them_Suffer/Untitled_04
152,68,Make Them Suffer,http://freemusicarchive.org/music/Animal_Writes/Make_Them_Suffer/,59,Animal Writes,http://freemusicarchive.org/music/Animal_Writes/,http://www.myspace.com/awrites,http://i.creativecommons.org/l/by-nc-sa/3.0/us/88x31.png,http://fma-files.s3.amazonaws.com/resources/img/licenses/by-nc-sa.png,5,Attribution-NonCommercial-ShareAlike 3.0 International,http://creativecommons.org/licenses/by-nc-sa/3.0/,[],192000,0,,,,11/26/2008 01:44:58 AM,,1,03:13,,,0,music/WFMU/Animal_Writes/Make_Them_Suffer/Animal_Writes_-_11_-_Untitled_11.mp3,"[{'genre_id': '25', 'genre_title': 'Punk', 'genre_url': 'http://freemusicarchive.org/genre/Punk/'}]",https://freemusicarchive.org/file/images/albums/Animal_Writes_-_Make_Them_Suffer_-_2009113011828070.jpg,,0,637,en,98,,11,,Untitled 11,http://freemusicarchive.org/music/Animal_Writes/Make_Them_Suffer/Untitled_11_1
153,69,Arc and Sender,http://freemusicarchive.org/music/Arc_and_Sender/Arc_and_Sender/,60,Arc and Sender,http://freemusicarchive.org/music/Arc_and_Sender/,http://www.myspace.com/arcandsender,http://i.creativecommons.org/l/by-nc-nd/3.0/88x31.png,http://fma-files.s3.amazonaws.com/resources/img/licenses/by-nc-nd.png,,Attribution-NonCommercial-NoDerivatives (aka Music Sharing) 3.0 International,http://creativecommons.org/licenses/by-nc-nd/3.0/,[],256000,0,Arc and Sender,,,11/26/2008 01:45:00 AM,11/26/2008,1,06:45,,,5,music/WFMU/Arc_and_Sender/Arc_and_Sender/Arc_and_Sender_-_02_-_Hundred-Year_Flood.mp3,"[{'genre_id': '26', 'genre_title': 'Post-Rock', 'genre_url': 'http://freemusicarchive.org/genre/Post-Rock/'}]",https://freemusicarchive.org/file/images/albums/Arc_and_Sender_-_Arc_and_Sender_-_2009113011849014.jpg,,0,354,en,424,,2,,Hundred-Year Flood,http://freemusicarchive.org/music/Arc_and_Sender/Arc_and_Sender/Hundred-Year_Flood
154,69,Arc and Sender,http://freemusicarchive.org/music/Arc_and_Sender/Arc_and_Sender/,60,Arc and Sender,http://freemusicarchive.org/music/Arc_and_Sender/,http://www.myspace.com/arcandsender,http://i.creativecommons.org/l/by-nc-nd/3.0/88x31.png,http://fma-files.s3.amazonaws.com/resources/img/licenses/by-nc-nd.png,,Attribution-NonCommercial-NoDerivatives (aka Music Sharing) 3.0 International,http://creativecommons.org/licenses/by-nc-nd/3.0/,[],256000,0,Arc and Sender,,,11/26/2008 01:45:04 AM,11/26/2008,1,05:19,,,1,music/WFMU/Arc_and_Sender/Arc_and_Sender/Arc_and_Sender_-_04_-_Squares_And_Circles.mp3,"[{'genre_id': '26', 'genre_title': 'Post-Rock', 'genre_url': 'http://freemusicarchive.org/genre/Post-Rock/'}]",https://freemusicarchive.org/file/images/albums/Arc_and_Sender_-_Arc_and_Sender_-_2009113011849014.jpg,,0,242,en,205,,4,,Squares And Circles,http://freemusicarchive.org/music/Arc_and_Sender/Arc_and_Sender/Squares_And_Circles
155,70,unreleased demo,http://freemusicarchive.org/music/Arc_and_Sender/unreleased_demo/,60,Arc and Sender,http://freemusicarchive.org/music/Arc_and_Sender/,http://www.myspace.com/arcandsender,http://i.creativecommons.org/l/by-nc-nd/3.0/88x31.png,http://fma-files.s3.amazonaws.com/resources/img/licenses/by-nc-nd.png,,Attribution-NonCommercial-NoDerivatives (aka Music Sharing) 3.0 International,http://creativecommons.org/licenses/by-nc-nd/3.0/,[],192000,0,,,,11/26/2008 01:45:10 AM,11/26/2008,1,12:36,,,1,music/WFMU/Arc_and_Sender/unreleased_demo/Arc_and_Sender_-_Maps_of_the_Stars_Homes.mp3,"[{'genre_id': '26', 'genre_title': 'Post-Rock', 'genre_url': 'http://freemusicarchive.org/genre/Post-Rock/'}]",,,0,268,en,197,,0,,Maps of the Stars Homes,http://freemusicarchive.org/music/Arc_and_Sender/unreleased_demo/Maps_of_the_Stars_Homes
156,71,Thee Haunted Cobblestone Sunset Concert Series #7,http://freemusicarchive.org/music/Area_C/Thee_Haunted_Cobblestone_Sunset_Concert_Series_7/,546,Area C,http://freemusicarchive.org/music/Area_C/,http://www.areacmusic.com,http://i.creativecommons.org/l/by-nc-nd/3.0/88x31.png,http://fma-files.s3.amazonaws.com/resources/img/licenses/by-nc-nd.png,,Attribution-NonCommercial-NoDerivatives (aka Music Sharing) 3.0 International,http://creativecommons.org/licenses/by-nc-nd/3.0/,[],192000,0,,,,11/26/2008 01:45:18 AM,8/20/2004,1,02:02,,,2,music/WFMU/Area_C/Thee_Haunted_Cobblestone_Sunset_Concert_Series_7/Area_C_-_01_-_Track_01.mp3,"[{'genre_id': '30', 'genre_title': 'Field Recordings', 'genre_url': 'http://freemusicarchive.org/genre/Field_Recordings/'}]",https://freemusicarchive.org/file/images/albums/Area_C_-_Thee_Haunted_Cobblestone_Sunset_Concert_Series_7_-_2009113011851057.jpg,,0,345,en,362,,1,,Track 01,http://freemusicarchive.org/music/Area_C/Thee_Haunted_Cobblestone_Sunset_Concert_Series_7/Track_01_1_1127
157,71,Thee Haunted Cobblestone Sunset Concert Series #7,http://freemusicarchive.org/music/Area_C/Thee_Haunted_Cobblestone_Sunset_Concert_Series_7/,546,Area C,http://freemusicarchive.org/music/Area_C/,http://www.areacmusic.com,http://i.creativecommons.org/l/by-nc-nd/3.0/88x31.png,http://fma-files.s3.amazonaws.com/resources/img/licenses/by-nc-nd.png,,Attribution-NonCommercial-NoDerivatives (aka Music Sharing) 3.0 International,http://creativecommons.org/licenses/by-nc-nd/3.0/,[],192000,0,,,,11/26/2008 01:45:21 AM,8/20/2004,1,03:32,,,1,music/WFMU/Area_C/Thee_Haunted_Cobblestone_Sunset_Concert_Series_7/Area_C_-_02_-_Track_02.mp3,"[{'genre_id': '30', 'genre_title': 'Field Recordings', 'genre_url': 'http://freemusicarchive.org/genre/Field_Recordings/'}]",https://freemusicarchive.org/file/images/albums/Area_C_-_Thee_Haunted_Cobblestone_Sunset_Concert_Series_7_-_2009113011851057.jpg,,0,209,en,190,,2,,Track 02,http://freemusicarchive.org/music/Area_C/Thee_Haunted_Cobblestone_Sunset_Concert_Series_7/Track_02_1_1896
158,71,Thee Haunted Cobblestone Sunset Concert Series #7,http://freemusicarchive.org/music/Area_C/Thee_Haunted_Cobblestone_Sunset_Concert_Series_7/,546,Area C,http://freemusicarchive.org/music/Area_C/,http://www.areacmusic.com,http://i.creativecommons.org/l/by-nc-nd/3.0/88x31.png,http://fma-files.s3.amazonaws.com/resources/img/licenses/by-nc-nd.png,,Attribution-NonCommercial-NoDerivatives (aka Music Sharing) 3.0 International,http://creativecommons.org/licenses/by-nc-nd/3.0/,[],192000,0,,,,11/26/2008 01:45:25 AM,8/20/2004,1,07:53,,,1,music/WFMU/Area_C/Thee_Haunted_Cobblestone_Sunset_Concert_Series_7/Area_C_-_03_-_Track_03.mp3,"[{'genre_id': '30', 'genre_title': 'Field Recordings', 'genre_url': 'http://freemusicarchive.org/genre/Field_Recordings/'}]",https://freemusicarchive.org/file/images/albums/Area_C_-_Thee_Haunted_Cobblestone_Sunset_Concert_Series_7_-_2009113011851057.jpg,,0,213,en,163,,3,,Track 03,http://freemusicarchive.org/music/Area_C/Thee_Haunted_Cobblestone_Sunset_Concert_Series_7/Track_03_1_1970
159,71,Thee Haunted Cobblestone Sunset Concert Series #7,http://freemusicarchive.org/music/Area_C/Thee_Haunted_Cobblestone_Sunset_Concert_Series_7/,546,Area C,http://freemusicarchive.org/music/Area_C/,http://www.areacmusic.com,http://i.creativecommons.org/l/by-nc-nd/3.0/88x31.png,http://fma-files.s3.amazonaws.com/resources/img/licenses/by-nc-nd.png,,Attribution-NonCommercial-NoDerivatives (aka Music Sharing) 3.0 International,http://creativecommons.org/licenses/by-nc-nd/3.0/,[],192000,0,,,,11/26/2008 01:45:28 AM,8/20/2004,1,03:41,,,1,music/WFMU/Area_C/Thee_Haunted_Cobblestone_Sunset_Concert_Series_7/Area_C_-_04_-_Track_04.mp3,"[{'genre_id': '30', 'genre_title': 'Field Recordings', 'genre_url': 'http://freemusicarchive.org/genre/Field_Recordings/'}]",https://freemusicarchive.org/file/images/albums/Area_C_-_Thee_Haunted_Cobblestone_Sunset_Concert_Series_7_-_2009113011851057.jpg,,0,170,en,130,,4,,Track 04,http://freemusicarchive.org/music/Area_C/Thee_Haunted_Cobblestone_Sunset_Concert_Series_7/Track_04_1_1506
160,71,Thee Haunted Cobblestone Sunset Concert Series #7,http://freemusicarchive.org/music/Area_C/Thee_Haunted_Cobblestone_Sunset_Concert_Series_7/,546,Area C,http://freemusicarchive.org/music/Area_C/,http://www.areacmusic.com,http://i.creativecommons.org/l/by-nc-nd/3.0/88x31.png,http://fma-files.s3.amazonaws.com/resources/img/licenses/by-nc-nd.png,,Attribution-NonCommercial-NoDerivatives (aka Music Sharing) 3.0 International,http://creativecommons.org/licenses/by-nc-nd/3.0/,[],192000,0,,,,11/26/2008 01:45:31 AM,8/20/2004,1,01:10,,,0,music/WFMU/Area_C/Thee_Haunted_Cobblestone_Sunset_Concert_Series_7/Area_C_-_05_-_Track_05.mp3,"[{'genre_id': '30', 'genre_title': 'Field Recordings', 'genre_url': 'http://freemusicarchive.org/genre/Field_Recordings/'}]",https://freemusicarchive.org/file/images/albums/Area_C_-_Thee_Haunted_Cobblestone_Sunset_Concert_Series_7_-_2009113011851057.jpg,,0,147,en,110,,5,,Track 05,http://freemusicarchive.org/music/Area_C/Thee_Haunted_Cobblestone_Sunset_Concert_Series_7/Track_05_1_1280
161,71,Thee Haunted Cobblestone Sunset Concert Series #7,http://freemusicarchive.org/music/Area_C/Thee_Haunted_Cobblestone_Sunset_Concert_Series_7/,546,Area C,http://freemusicarchive.org/music/Area_C/,http://www.areacmusic.com,http://i.creativecommons.org/l/by-nc-nd/3.0/88x31.png,http://fma-files.s3.amazonaws.com/resources/img/licenses/by-nc-nd.png,,Attribution-NonCommercial-NoDerivatives (aka Music Sharing) 3.0 International,http://creativecommons.org/licenses/by-nc-nd/3.0/,[],192000,0,,,,11/26/2008 01:45:33 AM,8/20/2004,1,02:27,,,0,music/WFMU/Area_C/Thee_Haunted_Cobblestone_Sunset_Concert_Series_7/Area_C_-_06_-_Track_06.mp3,"[{'genre_id': '30', 'genre_title': 'Field Recordings', 'genre_url': 'http://freemusicarchive.org/genre/Field_Recordings/'}]",https://freemusicarchive.org/file/images/albums/Area_C_-_Thee_Haunted_Cobblestone_Sunset_Concert_Series_7_-_2009113011851057.jpg,,0,175,en,121,,6,,Track 06,http://freemusicarchive.org/music/Area_C/Thee_Haunted_Cobblestone_Sunset_Concert_Series_7/Track_06_1_1225
162,71,Thee Haunted Cobblestone Sunset Concert Series #7,http://freemusicarchive.org/music/Area_C/Thee_Haunted_Cobblestone_Sunset_Concert_Series_7/,546,Area C,http://freemusicarchive.org/music/Area_C/,http://www.areacmusic.com,http://i.creativecommons.org/l/by-nc-nd/3.0/88x31.png,http://fma-files.s3.amazonaws.com/resources/img/licenses/by-nc-nd.png,,Attribution-NonCommercial-NoDerivatives (aka Music Sharing) 3.0 International,http://creativecommons.org/licenses/by-nc-nd/3.0/,[],192000,0,,,,11/26/2008 01:45:38 AM,8/20/2004,1,04:30,,,0,music/WFMU/Area_C/Thee_Haunted_Cobblestone_Sunset_Concert_Series_7/Area_C_-_07_-_Track_07.mp3,"[{'genre_id': '30', 'genre_title': 'Field Recordings', 'genre_url': 'http://freemusicarchive.org/genre/Field_Recordings/'}]",https://freemusicarchive.org/file/images/albums/Area_C_-_Thee_Haunted_Cobblestone_Sunset_Concert_Series_7_-_2009113011851057.jpg,,0,176,en,109,,7,,Track 07,http://freemusicarchive.org/music/Area_C/Thee_Haunted_Cobblestone_Sunset_Concert_Series_7/Track_07_1_1644
163,71,Thee Haunted Cobblestone Sunset Concert Series #7,http://freemusicarchive.org/music/Area_C/Thee_Haunted_Cobblestone_Sunset_Concert_Series_7/,546,Area C,http://freemusicarchive.org/music/Area_C/,http://www.areacmusic.com,http://i.creativecommons.org/l/by-nc-nd/3.0/88x31.png,http://fma-files.s3.amazonaws.com/resources/img/licenses/by-nc-nd.png,,Attribution-NonCommercial-NoDerivatives (aka Music Sharing) 3.0 International,http://creativecommons.org/licenses/by-nc-nd/3.0/,[],192000,0,,,,11/26/2008 01:45:42 AM,8/20/2004,1,05:07,,,1,music/WFMU/Area_C/Thee_Haunted_Cobblestone_Sunset_Concert_Series_7/Area_C_-_08_-_Track_08.mp3,"[{'genre_id': '30', 'genre_title': 'Field Recordings', 'genre_url': 'http://freemusicarchive.org/genre/Field_Recordings/'}]",https://freemusicarchive.org/file/images/albums/Area_C_-_Thee_Haunted_Cobblestone_Sunset_Concert_Series_7_-_2009113011851057.jpg,,0,162,en,94,,8,,Track 08,http://freemusicarchive.org/music/Area_C/Thee_Haunted_Cobblestone_Sunset_Concert_Series_7/Track_08_1_1404
164,71,Thee Haunted Cobblestone Sunset Concert Series #7,http://freemusicarchive.org/music/Area_C/Thee_Haunted_Cobblestone_Sunset_Concert_Series_7/,546,Area C,http://freemusicarchive.org/music/Area_C/,http://www.areacmusic.com,http://i.creativecommons.org/l/by-nc-nd/3.0/88x31.png,http://fma-files.s3.amazonaws.com/resources/img/licenses/by-nc-nd.png,,Attribution-NonCommercial-NoDerivatives (aka Music Sharing) 3.0 International,http://creativecommons.org/licenses/by-nc-nd/3.0/,[],192000,0,,,,11/26/2008 01:45:47 AM,8/20/2004,1,03:56,,,0,music/WFMU/Area_C/Thee_Haunted_Cobblestone_Sunset_Concert_Series_7/Area_C_-_09_-_Track_09.mp3,"[{'genre_id': '30', 'genre_title': 'Field Recordings', 'genre_url': 'http://freemusicarchive.org/genre/Field_Recordings/'}]",https://freemusicarchive.org/file/images/albums/Area_C_-_Thee_Haunted_Cobblestone_Sunset_Concert_Series_7_-_2009113011851057.jpg,,0,138,en,70,,9,,Track 09,http://freemusicarchive.org/music/Area_C/Thee_Haunted_Cobblestone_Sunset_Concert_Series_7/Track_09_1_1701
165,71,Thee Haunted Cobblestone Sunset Concert Series #7,http://freemusicarchive.org/music/Area_C/Thee_Haunted_Cobblestone_Sunset_Concert_Series_7/,546,Area C,http://freemusicarchive.org/music/Area_C/,http://www.areacmusic.com,http://i.creativecommons.org/l/by-nc-nd/3.0/88x31.png,http://fma-files.s3.amazonaws.com/resources/img/licenses/by-nc-nd.png,,Attribution-NonCommercial-NoDerivatives (aka Music Sharing) 3.0 International,http://creativecommons.org/licenses/by-nc-nd/3.0/,[],192000,0,,,,11/26/2008 01:45:52 AM,8/20/2004,1,03:05,,,1,music/WFMU/Area_C/Thee_Haunted_Cobblestone_Sunset_Concert_Series_7/Area_C_-_10_-_Track_10.mp3,"[{'genre_id': '30', 'genre_title': 'Field Recordings', 'genre_url': 'http://freemusicarchive.org/genre/Field_Recordings/'}]",https://freemusicarchive.org/file/images/albums/Area_C_-_Thee_Haunted_Cobblestone_Sunset_Concert_Series_7_-_2009113011851057.jpg,,0,159,en,140,,10,,Track 10,http://freemusicarchive.org/music/Area_C/Thee_Haunted_Cobblestone_Sunset_Concert_Series_7/Track_10_1_1184
166,71,Thee Haunted Cobblestone Sunset Concert Series #7,http://freemusicarchive.org/music/Area_C/Thee_Haunted_Cobblestone_Sunset_Concert_Series_7/,546,Area C,http://freemusicarchive.org/music/Area_C/,http://www.areacmusic.com,http://i.creativecommons.org/l/by-nc-nd/3.0/88x31.png,http://fma-files.s3.amazonaws.com/resources/img/licenses/by-nc-nd.png,,Attribution-NonCommercial-NoDerivatives (aka Music Sharing) 3.0 International,http://creativecommons.org/licenses/by-nc-nd/3.0/,[],192000,0,,,,11/26/2008 01:45:54 AM,8/20/2004,1,06:32,,,1,music/WFMU/Area_C/Thee_Haunted_Cobblestone_Sunset_Concert_Series_7/Area_C_-_11_-_Track_11.mp3,"[{'genre_id': '30', 'genre_title': 'Field Recordings', 'genre_url': 'http://freemusicarchive.org/genre/Field_Recordings/'}]",https://freemusicarchive.org/file/images/albums/Area_C_-_Thee_Haunted_Cobblestone_Sunset_Concert_Series_7_-_2009113011851057.jpg,,0,275,en,180,,11,,Track 11,http://freemusicarchive.org/music/Area_C/Thee_Haunted_Cobblestone_Sunset_Concert_Series_7/Track_11_1_1496
167,71,Thee Haunted Cobblestone Sunset Concert Series #7,http://freemusicarchive.org/music/Area_C/Thee_Haunted_Cobblestone_Sunset_Concert_Series_7/,546,Area C,http://freemusicarchive.org/music/Area_C/,http://www.areacmusic.com,http://i.creativecommons.org/l/by-nc-nd/3.0/88x31.png,http://fma-files.s3.amazonaws.com/resources/img/licenses/by-nc-nd.png,,Attribution-NonCommercial-NoDerivatives (aka Music Sharing) 3.0 International,http://creativecommons.org/licenses/by-nc-nd/3.0/,[],192000,0,,,,11/26/2008 01:45:59 AM,8/20/2004,1,04:38,,,1,music/WFMU/Area_C/Thee_Haunted_Cobblestone_Sunset_Concert_Series_7/Area_C_-_12_-_Track_12.mp3,"[{'genre_id': '30', 'genre_title': 'Field Recordings', 'genre_url': 'http://freemusicarchive.org/genre/Field_Recordings/'}]",https://freemusicarchive.org/file/images/albums/Area_C_-_Thee_Haunted_Cobblestone_Sunset_Concert_Series_7_-_2009113011851057.jpg,,0,149,en,80,,12,,Track 12,http://freemusicarchive.org/music/Area_C/Thee_Haunted_Cobblestone_Sunset_Concert_Series_7/Track_12_1_1186
168,71,Thee Haunted Cobblestone Sunset Concert Series #7,http://freemusicarchive.org/music/Area_C/Thee_Haunted_Cobblestone_Sunset_Concert_Series_7/,546,Area C,http://freemusicarchive.org/music/Area_C/,http://www.areacmusic.com,http://i.creativecommons.org/l/by-nc-nd/3.0/88x31.png,http://fma-files.s3.amazonaws.com/resources/img/licenses/by-nc-nd.png,,Attribution-NonCommercial-NoDerivatives (aka Music Sharing) 3.0 International,http://creativecommons.org/licenses/by-nc-nd/3.0/,[],192000,0,,,,11/26/2008 01:46:01 AM,8/20/2004,1,01:00,,,0,music/WFMU/Area_C/Thee_Haunted_Cobblestone_Sunset_Concert_Series_7/Area_C_-_13_-_Track_13.mp3,"[{'genre_id': '30', 'genre_title': 'Field Recordings', 'genre_url': 'http://freemusicarchive.org/genre/Field_Recordings/'}]",https://freemusicarchive.org/file/images/albums/Area_C_-_Thee_Haunted_Cobblestone_Sunset_Concert_Series_7_-_2009113011851057.jpg,,0,151,en,100,,13,,Track 13,http://freemusicarchive.org/music/Area_C/Thee_Haunted_Cobblestone_Sunset_Concert_Series_7/Track_13_1_1883
169,72,Boss of Goth,http://freemusicarchive.org/music/Argumentix/Boss_of_Goth/,62,Argumentix,http://freemusicarchive.org/music/Argumentix/,http://www.belowpdx.com,http://i.creativecommons.org/l/by-nc-sa/3.0/us/88x31.png,http://fma-files.s3.amazonaws.com/resources/img/licenses/by-nc-sa.png,5,Attribution-NonCommercial-ShareAlike 3.0 International,http://creativecommons.org/licenses/by-nc-sa/3.0/,[],192000,0,James Squeaky,,,11/26/2008 01:46:02 AM,1/01/2006,1,02:24,,,1,music/WFMU/Argumentix/Boss_of_Goth/Argumentix_-_01_-_Boss_of_Goth.mp3,"[{'genre_id': '25', 'genre_title': 'Punk', 'genre_url': 'http://freemusicarchive.org/genre/Punk/'}]",https://freemusicarchive.org/file/images/albums/Argumentix_-_Boss_of_Goth_-_2009113011851413.jpg,,0,815,en,270,,1,,Boss of Goth,http://freemusicarchive.org/music/Argumentix/Boss_of_Goth/Boss_of_Goth
170,73,Nightmarcher,http://freemusicarchive.org/music/Argumentix/Nightmarcher/,62,Argumentix,http://freemusicarchive.org/music/Argumentix/,http://www.belowpdx.com,http://i.creativecommons.org/l/by-nc-sa/3.0/us/88x31.png,http://fma-files.s3.amazonaws.com/resources/img/licenses/by-nc-sa.png,5,Attribution-NonCommercial-ShareAlike 3.0 International,http://creativecommons.org/licenses/by-nc-sa/3.0/,[],192000,0,,,,11/26/2008 01:46:05 AM,10/07/2006,1,03:01,,,0,music/WFMU/Argumentix/Nightmarcher/Argumentix_-_02_-_Industry_Standard_Massacre.mp3,"[{'genre_id': '25', 'genre_title': 'Punk', 'genre_url': 'http://freemusicarchive.org/genre/Punk/'}]",https://freemusicarchive.org/file/images/albums/Argumentix_-_Nightmarcher_-_2009113011852969.jpg,,0,468,en,122,,2,,Industry Standard Massacre,http://freemusicarchive.org/music/Argumentix/Nightmarcher/Industry_Standard_Massacre
171,74,Victim of Your Life,http://freemusicarchive.org/music/Argumentix/Victim_of_Your_Life/,62,Argumentix,http://freemusicarchive.org/music/Argumentix/,http://www.belowpdx.com,http://i.creativecommons.org/l/by-nc-sa/3.0/us/88x31.png,http://fma-files.s3.amazonaws.com/resources/img/licenses/by-nc-sa.png,5,Attribution-NonCommercial-ShareAlike 3.0 International,http://creativecommons.org/licenses/by-nc-sa/3.0/,[],320000,0,,,,11/26/2008 01:46:07 AM,11/26/2008,1,01:20,,,0,music/WFMU/Argumentix/Victim_of_Your_Life/Argumentix_-_02_-_Marching_as_Technitions.mp3,"[{'genre_id': '25', 'genre_title': 'Punk', 'genre_url': 'http://freemusicarchive.org/genre/Punk/'}]",https://freemusicarchive.org/file/images/artists/Argumentix_-_2009113014437998.jpg,<p>Unreleased</p>,0,582,en,242,,2,,Marching as Technitions,http://freemusicarchive.org/music/Argumentix/Victim_of_Your_Life/Marching_as_Technitions
172,75,Heir to the Power Bear Fortune,http://freemusicarchive.org/music/Argumentix/Heir_to_the_Power_Bear_Fortune/,62,Argumentix,http://freemusicarchive.org/music/Argumentix/,http://www.belowpdx.com,http://i.creativecommons.org/l/by-nc-sa/3.0/us/88x31.png,http://fma-files.s3.amazonaws.com/resources/img/licenses/by-nc-sa.png,5,Attribution-NonCommercial-ShareAlike 3.0 International,http://creativecommons.org/licenses/by-nc-sa/3.0/,[],192000,0,James Squeaky,,,11/26/2008 01:46:08 AM,6/01/2007,1,03:26,,,0,music/WFMU/Argumentix/Heir_to_the_Power_Bear_Fortune/Argumentix_-_03_-_I_Cant_Stand_You_Up-right.mp3,"[{'genre_id': '25', 'genre_title': 'Punk', 'genre_url': 'http://freemusicarchive.org/genre/Punk/'}]",https://freemusicarchive.org/file/images/albums/Argumentix_-_Heir_to_the_Power_Bear_Fortune_-_2009113011852157.jpg,,0,468,en,90,,3,,I Can't Stand You Up-right,http://freemusicarchive.org/music/Argumentix/Heir_to_the_Power_Bear_Fortune/I_Cant_Stand_You_Up-right
173,72,Boss of Goth,http://freemusicarchive.org/music/Argumentix/Boss_of_Goth/,62,Argumentix,http://freemusicarchive.org/music/Argumentix/,http://www.belowpdx.com,http://i.creativecommons.org/l/by-nc-sa/3.0/us/88x31.png,http://fma-files.s3.amazonaws.com/resources/img/licenses/by-nc-sa.png,5,Attribution-NonCommercial-ShareAlike 3.0 International,http://creativecommons.org/licenses/by-nc-sa/3.0/,[],192000,0,James Squeaky,,,11/26/2008 01:46:12 AM,1/01/2006,1,03:38,,,0,music/WFMU/Argumentix/Boss_of_Goth/Argumentix_-_04_-_Save_Lifes_Golden_Receipt_In_Case_Refund_Needed.mp3,"[{'genre_id': '25', 'genre_title': 'Punk', 'genre_url': 'http://freemusicarchive.org/genre/Punk/'}]",https://freemusicarchive.org/file/images/albums/Argumentix_-_Boss_of_Goth_-_2009113011851413.jpg,,0,475,en,177,,4,,Save Life's Golden Receipt In Case Refund Needed,http://freemusicarchive.org/music/Argumentix/Boss_of_Goth/Save_Lifes_Golden_Receipt_In_Case_Refund_Needed
174,72,Boss of Goth,http://freemusicarchive.org/music/Argumentix/Boss_of_Goth/,62,Argumentix,http://freemusicarchive.org/music/Argumentix/,http://www.belowpdx.com,http://i.creativecommons.org/l/by-nc-sa/3.0/us/88x31.png,http://fma-files.s3.amazonaws.com/resources/img/licenses/by-nc-sa.png,5,Attribution-NonCommercial-ShareAlike 3.0 International,http://creativecommons.org/licenses/by-nc-sa/3.0/,[],192000,0,James Squeaky,,,11/26/2008 01:46:14 AM,1/01/2006,1,03:19,,,0,music/WFMU/Argumentix/Boss_of_Goth/Argumentix_-_06_-_Senators_Stance.mp3,"[{'genre_id': '25', 'genre_title': 'Punk', 'genre_url': 'http://freemusicarchive.org/genre/Punk/'}]",https://freemusicarchive.org/file/images/albums/Argumentix_-_Boss_of_Goth_-_2009113011851413.jpg,,0,405,en,116,,6,,Senator's Stance,http://freemusicarchive.org/music/Argumentix/Boss_of_Goth/Senators_Stance
175,73,Nightmarcher,http://freemusicarchive.org/music/Argumentix/Nightmarcher/,62,Argumentix,http://freemusicarchive.org/music/Argumentix/,http://www.belowpdx.com,http://i.creativecommons.org/l/by-nc-sa/3.0/us/88x31.png,http://fma-files.s3.amazonaws.com/resources/img/licenses/by-nc-sa.png,5,Attribution-NonCommercial-ShareAlike 3.0 International,http://creativecommons.org/licenses/by-nc-sa/3.0/,[],192000,0,,,,11/26/2008 01:46:16 AM,10/07/2006,1,01:51,,,0,music/WFMU/Argumentix/Nightmarcher/Argumentix_-_06_-_Snapped_Today.mp3,"[{'genre_id': '25', 'genre_title': 'Punk', 'genre_url': 'http://freemusicarchive.org/genre/Punk/'}]",https://freemusicarchive.org/file/images/albums/Argumentix_-_Nightmarcher_-_2009113011852969.jpg,,0,365,en,72,,6,,Snapped Today,http://freemusicarchive.org/music/Argumentix/Nightmarcher/Snapped_Today
176,74,Victim of Your Life,http://freemusicarchive.org/music/Argumentix/Victim_of_Your_Life/,62,Argumentix,http://freemusicarchive.org/music/Argumentix/,http://www.belowpdx.com,http://i.creativecommons.org/l/by-nc-sa/3.0/us/88x31.png,http://fma-files.s3.amazonaws.com/resources/img/licenses/by-nc-sa.png,5,Attribution-NonCommercial-ShareAlike 3.0 International,http://creativecommons.org/licenses/by-nc-sa/3.0/,[],320000,0,,,,11/26/2008 01:46:18 AM,11/26/2008,1,02:40,,,0,music/WFMU/Argumentix/Victim_of_Your_Life/Argumentix_-_06_-_Step_Up_to_Legends.mp3,"[{'genre_id': '25', 'genre_title': 'Punk', 'genre_url': 'http://freemusicarchive.org/genre/Punk/'}]",https://freemusicarchive.org/file/images/artists/Argumentix_-_2009113014437998.jpg,<p>Unreleased</p>,0,461,en,104,,6,,Step Up to Legends,http://freemusicarchive.org/music/Argumentix/Victim_of_Your_Life/Step_Up_to_Legends
177,72,Boss of Goth,http://freemusicarchive.org/music/Argumentix/Boss_of_Goth/,62,Argumentix,http://freemusicarchive.org/music/Argumentix/,http://www.belowpdx.com,http://i.creativecommons.org/l/by-nc-sa/3.0/us/88x31.png,http://fma-files.s3.amazonaws.com/resources/img/licenses/by-nc-sa.png,5,Attribution-NonCommercial-ShareAlike 3.0 International,http://creativecommons.org/licenses/by-nc-sa/3.0/,[],192000,0,James Squeaky,,,11/26/2008 01:46:21 AM,1/01/2006,1,02:09,,,0,music/WFMU/Argumentix/Boss_of_Goth/Argumentix_-_07_-_Petty_Hate_Machine.mp3,"[{'genre_id': '25', 'genre_title': 'Punk', 'genre_url': 'http://freemusicarchive.org/genre/Punk/'}]",https://freemusicarchive.org/file/images/albums/Argumentix_-_Boss_of_Goth_-_2009113011851413.jpg,,0,529,en,160,,7,,Petty Hate Machine,http://freemusicarchive.org/music/Argumentix/Boss_of_Goth/Petty_Hate_Machine
178,76,"Tarantula Downpour 7""",http://freemusicarchive.org/music/Argumentix/Tarantula_Downpour_7/,62,Argumentix,http://freemusicarchive.org/music/Argumentix/,http://www.belowpdx.com,http://i.creativecommons.org/l/by-nc-sa/3.0/us/88x31.png,http://fma-files.s3.amazonaws.com/resources/img/licenses/by-nc-sa.png,5,Attribution-NonCommercial-ShareAlike 3.0 International,http://creativecommons.org/licenses/by-nc-sa/3.0/,[],192000,0,,,,11/26/2008 01:46:23 AM,2/01/2006,1,04:19,,,1,music/WFMU/Argumentix/Tarantula_Downpour_7/Argumentix_-_Lend_Me_a_Blanket.mp3,"[{'genre_id': '25', 'genre_title': 'Punk', 'genre_url': 'http://freemusicarchive.org/genre/Punk/'}]",https://freemusicarchive.org/file/images/albums/Argumentix_-_Tarantula_Downpour_7_-_2009113011853298.jpg,,0,287,en,149,,0,,Lend Me a Blanket,http://freemusicarchive.org/music/Argumentix/Tarantula_Downpour_7/Lend_Me_a_Blanket
179,77,Dracula Safari,http://freemusicarchive.org/music/Argumentix/Dracula_Safari/,62,Argumentix,http://freemusicarchive.org/music/Argumentix/,http://www.belowpdx.com,http://i.creativecommons.org/l/by-nc-sa/3.0/us/88x31.png,http://fma-files.s3.amazonaws.com/resources/img/licenses/by-nc-sa.png,5,Attribution-NonCommercial-ShareAlike 3.0 International,http://creativecommons.org/licenses/by-nc-sa/3.0/,[],320000,0,,,,11/26/2008 01:46:25 AM,11/26/2008,1,01:30,,,0,music/WFMU/Argumentix/Dracula_Safari/Argumentix_-_Ready_to_Die.mp3,"[{'genre_id': '25', 'genre_title': 'Punk', 'genre_url': 'http://freemusicarchive.org/genre/Punk/'}]",https://freemusicarchive.org/file/images/artists/Argumentix_-_2009113014437998.jpg,,0,591,en,226,,0,,Ready to Die,http://freemusicarchive.org/music/Argumentix/Dracula_Safari/Ready_to_Die
181,79,Scared Famous,http://freemusicarchive.org/music/Ariel_Pinks_Haunted_Graffiti/Scared_Famous/,64,Ariel Pink's Haunted Graffiti,http://freemusicarchive.org/music/Ariel_Pinks_Haunted_Graffiti/,http://www.ariel-pink.com/,http://i.creativecommons.org/l/by-nc-nd/3.0/us/88x31.png,http://fma-files.s3.amazonaws.com/resources/img/licenses/by-nc-nd.png,6,Attribution-Noncommercial-No Derivative Works 3.0 United States,http://creativecommons.org/licenses/by-nc-nd/3.0/us/,[],256000,0,,,,11/26/2008 01:46:31 AM,1/01/2006,1,02:51,,,8,music/WFMU/Ariel_Pinks_Haunted_Graffiti/Scared_Famous/Ariel_Pinks_Haunted_Graffiti_-_01_-_Gopacapulco.mp3,"[{'genre_id': '27', 'genre_title': 'Lo-Fi', 'genre_url': 'http://freemusicarchive.org/genre/Lo-fi/'}]",https://freemusicarchive.org/file/images/albums/Ariel_Pinks_Haunted_Graffiti_-_Scared_Famous_-_2009113011857702.jpg,,0,1736,en,1339,,1,,Gopacapulco,http://freemusicarchive.org/music/Ariel_Pinks_Haunted_Graffiti/Scared_Famous/Gopacapulco
182,80,Worn Copy,http://freemusicarchive.org/music/Ariel_Pinks_Haunted_Graffiti/Worn_Copy/,64,Ariel Pink's Haunted Graffiti,http://freemusicarchive.org/music/Ariel_Pinks_Haunted_Graffiti/,http://www.ariel-pink.com/,http://i.creativecommons.org/l/by-nc-nd/3.0/us/88x31.png,http://fma-files.s3.amazonaws.com/resources/img/licenses/by-nc-nd.png,6,Attribution-Noncommercial-No Derivative Works 3.0 United States,http://creativecommons.org/licenses/by-nc-nd/3.0/us/,[],256000,0,,,,11/26/2008 01:46:34 AM,11/26/2008,1,03:48,,,19,music/WFMU/Ariel_Pinks_Haunted_Graffiti/Worn_Copy/Ariel_Pinks_Haunted_Graffiti_-_03_-_Jules_Lost_His_Jewels.mp3,"[{'genre_id': '27', 'genre_title': 'Lo-Fi', 'genre_url': 'http://freemusicarchive.org/genre/Lo-fi/'}]",https://freemusicarchive.org/file/images/albums/Ariel_Pinks_Haunted_Graffiti_-_Worn_Copy_-_2009113011858629.jpg,,0,5990,en,5547,,3,,Jules Lost His Jewels,http://freemusicarchive.org/music/Ariel_Pinks_Haunted_Graffiti/Worn_Copy/Jules_Lost_His_Jewels
183,81,The Doldrums,http://freemusicarchive.org/music/Ariel_Pinks_Haunted_Graffiti/The_Doldrums/,64,Ariel Pink's Haunted Graffiti,http://freemusicarchive.org/music/Ariel_Pinks_Haunted_Graffiti/,http://www.ariel-pink.com/,http://i.creativecommons.org/l/by-nc-nd/3.0/us/88x31.png,http://fma-files.s3.amazonaws.com/resources/img/licenses/by-nc-nd.png,6,Attribution-Noncommercial-No Derivative Works 3.0 United States,http://creativecommons.org/licenses/by-nc-nd/3.0/us/,[],256000,0,,,,11/26/2008 01:46:37 AM,11/26/2008,1,04:20,,,9,music/WFMU/Ariel_Pinks_Haunted_Graffiti/The_Doldrums/Ariel_Pinks_Haunted_Graffiti_-_04_-_For_Kate_I_Wait.mp3,"[{'genre_id': '27', 'genre_title': 'Lo-Fi', 'genre_url': 'http://freemusicarchive.org/genre/Lo-fi/'}]",https://freemusicarchive.org/file/images/albums/Ariel_Pinks_Haunted_Graffiti_-_The_Doldrums_-_2009113011857731.jpg,,0,1264,en,869,,4,,For Kate I Wait,http://freemusicarchive.org/music/Ariel_Pinks_Haunted_Graffiti/The_Doldrums/For_Kate_I_Wait
184,82,House Arrest,http://freemusicarchive.org/music/Ariel_Pinks_Haunted_Graffiti/House_Arrest/,64,Ariel Pink's Haunted Graffiti,http://freemusicarchive.org/music/Ariel_Pinks_Haunted_Graffiti/,http://www.ariel-pink.com/,http://i.creativecommons.org/l/by-nc-nd/3.0/us/88x31.png,http://fma-files.s3.amazonaws.com/resources/img/licenses/by-nc-nd.png,6,Attribution-Noncommercial-No Derivative Works 3.0 United States,http://creativecommons.org/licenses/by-nc-nd/3.0/us/,[],256000,0,,,,11/26/2008 01:46:41 AM,11/26/2008,1,04:14,,,9,music/WFMU/Ariel_Pinks_Haunted_Graffiti/House_Arrest/Ariel_Pinks_Haunted_Graffiti_-_06_-_Helen.mp3,"[{'genre_id': '27', 'genre_title': 'Lo-Fi', 'genre_url': 'http://freemusicarchive.org/genre/Lo-fi/'}]",https://freemusicarchive.org/file/images/albums/Ariel_Pinks_Haunted_Graffiti_-_House_Arrest_-_2009113011854117.jpg,,0,1197,en,831,,6,,Helen,http://freemusicarchive.org/music/Ariel_Pinks_Haunted_Graffiti/House_Arrest/Helen_1
185,83,Homemade Hits Vol. 1,http://freemusicarchive.org/music/Ariel_Pinks_Haunted_Graffiti/Homemade_Hits_Vol_1/,64,Ariel Pink's Haunted Graffiti,http://freemusicarchive.org/music/Ariel_Pinks_Haunted_Graffiti/,http://www.ariel-pink.com/,http://i.creativecommons.org/l/by-nc-nd/3.0/us/88x31.png,http://fma-files.s3.amazonaws.com/resources/img/licenses/by-nc-nd.png,6,Attribution-Noncommercial-No Derivative Works 3.0 United States,http://creativecommons.org/licenses/by-nc-nd/3.0/us/,[],256000,0,,,,11/26/2008 01:46:44 AM,1/01/2002,1,02:23,,,13,music/WFMU/Ariel_Pinks_Haunted_Graffiti/Homemade_Hits_Vol_1/Ariel_Pinks_Haunted_Graffiti_-_09_-_Want_Me.mp3,"[{'genre_id': '27', 'genre_title': 'Lo-Fi', 'genre_url': 'http://freemusicarchive.org/genre/Lo-fi/'}, {'genre_id': '76', 'genre_title': 'Experimental Pop', 'genre_url': 'http://freemusicarchive.org/genre/Experimental_Pop/'}]",https://freemusicarchive.org/file/images/albums/Ariel_Pinks_Haunted_Graffiti_-_Homemade_Hits_Vol_1_-_2009113011854415.jpg,"<p><span class=""line2"">performed by: Ariel Pink (electric                          guitar, bass, keyboard, drums(sic), voc) recorded on a                          yamaha MT8X multitrack recorder at the kingsley house,                          january, 2002. </span></p>",0,1426,en,1043,,9,,Want Me,http://freemusicarchive.org/music/Ariel_Pinks_Haunted_Graffiti/Homemade_Hits_Vol_1/Want_Me
188,84,Blue Piano,http://freemusicarchive.org/music/Ed_Askew/Blue_Piano/,127,Ed Askew,http://freemusicarchive.org/music/Ed_Askew/,http://www.facebook.com/ecaskew?v=feed ,http://i.creativecommons.org/l/by-nc-sa/3.0/us/88x31.png,http://fma-files.s3.amazonaws.com/resources/img/licenses/by-nc-sa.png,5,Attribution-NonCommercial-ShareAlike 3.0 International,http://creativecommons.org/licenses/by-nc-sa/3.0/,[],256000,0,,,,11/26/2008 01:46:48 AM,,1,00:44,,,1,music/WFMU/Ed_Askew/Blue_Piano/Ed_Askew_-_01_-_Piano_1.mp3,"[{'genre_id': '17', 'genre_title': 'Folk', 'genre_url': 'http://freemusicarchive.org/genre/Folk/'}]",https://freemusicarchive.org/file/images/albums/Ed_Askew_-_Blue_Piano_-_2009113012359847.jpg,,0,3137,en,1253,,1,,Piano 1,http://freemusicarchive.org/music/Ed_Askew/Blue_Piano/Piano_1
189,85,What I Know,http://freemusicarchive.org/music/Ed_Askew/What_I_Know/,127,Ed Askew,http://freemusicarchive.org/music/Ed_Askew/,http://www.facebook.com/ecaskew?v=feed ,http://i.creativecommons.org/l/by-nc-sa/3.0/us/88x31.png,http://fma-files.s3.amazonaws.com/resources/img/licenses/by-nc-sa.png,5,Attribution-NonCommercial-ShareAlike 3.0 International,http://creativecommons.org/licenses/by-nc-sa/3.0/,[],256000,0,,,,11/26/2008 01:46:50 AM,11/26/2008,1,04:43,,,1,music/WFMU/Ed_Askew/What_I_Know/Ed_Askew_-_01_-_The_Thought_Of_It.mp3,"[{'genre_id': '17', 'genre_title': 'Folk', 'genre_url': 'http://freemusicarchive.org/genre/Folk/'}]",https://freemusicarchive.org/file/images/artists/Ed_Askew_-_2009113014737405.jpg,,0,730,en,101,,1,,The Thought Of It,http://freemusicarchive.org/music/Ed_Askew/What_I_Know/The_Thought_Of_It
190,84,Blue Piano,http://freemusicarchive.org/music/Ed_Askew/Blue_Piano/,127,Ed Askew,http://freemusicarchive.org/music/Ed_Askew/,http://www.facebook.com/ecaskew?v=feed ,http://i.creativecommons.org/l/by-nc-sa/3.0/us/88x31.png,http://fma-files.s3.amazonaws.com/resources/img/licenses/by-nc-sa.png,5,Attribution-NonCommercial-ShareAlike 3.0 International,http://creativecommons.org/licenses/by-nc-sa/3.0/,[],256000,0,,,,11/26/2008 01:46:54 AM,,1,04:09,,,1,music/WFMU/Ed_Askew/Blue_Piano/Ed_Askew_-_02_-_Castle_Of_Stars.mp3,"[{'genre_id': '17', 'genre_title': 'Folk', 'genre_url': 'http://freemusicarchive.org/genre/Folk/'}]",https://freemusicarchive.org/file/images/albums/Ed_Askew_-_Blue_Piano_-_2009113012359847.jpg,,0,1758,en,945,,2,,Castle Of Stars,http://freemusicarchive.org/music/Ed_Askew/Blue_Piano/Castle_Of_Stars
191,85,What I Know,http://freemusicarchive.org/music/Ed_Askew/What_I_Know/,127,Ed Askew,http://freemusicarchive.org/music/Ed_Askew/,http://www.facebook.com/ecaskew?v=feed ,http://i.creativecommons.org/l/by-nc-sa/3.0/us/88x31.png,http://fma-files.s3.amazonaws.com/resources/img/licenses/by-nc-sa.png,5,Attribution-NonCommercial-ShareAlike 3.0 International,http://creativecommons.org/licenses/by-nc-sa/3.0/,[],256000,0,,,,11/26/2008 01:46:57 AM,11/26/2008,1,03:44,,,0,music/WFMU/Ed_Askew/What_I_Know/Ed_Askew_-_02_-_Song_About_Michael.mp3,"[{'genre_id': '17', 'genre_title': 'Folk', 'genre_url': 'http://freemusicarchive.org/genre/Folk/'}]",https://freemusicarchive.org/file/images/artists/Ed_Askew_-_2009113014737405.jpg,,0,1224,en,64,,2,,Song About Michael,http://freemusicarchive.org/music/Ed_Askew/What_I_Know/Song_About_Michael
192,85,What I Know,http://freemusicarchive.org/music/Ed_Askew/What_I_Know/,127,Ed Askew,http://freemusicarchive.org/music/Ed_Askew/,http://www.facebook.com/ecaskew?v=feed ,http://i.creativecommons.org/l/by-nc-sa/3.0/us/88x31.png,http://fma-files.s3.amazonaws.com/resources/img/licenses/by-nc-sa.png,5,Attribution-NonCommercial-ShareAlike 3.0 International,http://creativecommons.org/licenses/by-nc-sa/3.0/,[],256000,0,,,,11/26/2008 01:46:59 AM,11/26/2008,1,00:40,,,1,music/WFMU/Ed_Askew/What_I_Know/Ed_Askew_-_03_-_Ed_Talk_WNYC.mp3,"[{'genre_id': '17', 'genre_title': 'Folk', 'genre_url': 'http://freemusicarchive.org/genre/Folk/'}]",https://freemusicarchive.org/file/images/artists/Ed_Askew_-_2009113014737405.jpg,,0,472,en,125,,3,,Ed Talk WNYC,http://freemusicarchive.org/music/Ed_Askew/What_I_Know/Ed_Talk_WNYC
193,84,Blue Piano,http://freemusicarchive.org/music/Ed_Askew/Blue_Piano/,127,Ed Askew,http://freemusicarchive.org/music/Ed_Askew/,http://www.facebook.com/ecaskew?v=feed ,http://i.creativecommons.org/l/by-nc-sa/3.0/us/88x31.png,http://fma-files.s3.amazonaws.com/resources/img/licenses/by-nc-sa.png,5,Attribution-NonCommercial-ShareAlike 3.0 International,http://creativecommons.org/licenses/by-nc-sa/3.0/,[],256000,0,,,,11/26/2008 01:47:02 AM,,1,04:14,,,0,music/WFMU/Ed_Askew/Blue_Piano/Ed_Askew_-_03_-_Here_With_You.mp3,"[{'genre_id': '17', 'genre_title': 'Folk', 'genre_url': 'http://freemusicarchive.org/genre/Folk/'}]",https://freemusicarchive.org/file/images/albums/Ed_Askew_-_Blue_Piano_-_2009113012359847.jpg,,0,1679,en,824,,3,,Here With You,http://freemusicarchive.org/music/Ed_Askew/Blue_Piano/Here_With_You
194,84,Blue Piano,http://freemusicarchive.org/music/Ed_Askew/Blue_Piano/,127,Ed Askew,http://freemusicarchive.org/music/Ed_Askew/,http://www.facebook.com/ecaskew?v=feed ,http://i.creativecommons.org/l/by-nc-sa/3.0/us/88x31.png,http://fma-files.s3.amazonaws.com/resources/img/licenses/by-nc-sa.png,5,Attribution-NonCommercial-ShareAlike 3.0 International,http://creativecommons.org/licenses/by-nc-sa/3.0/,[],256000,0,,,,11/26/2008 01:47:05 AM,,1,03:12,,,1,music/WFMU/Ed_Askew/Blue_Piano/Ed_Askew_-_04_-_All_I_want_to_Do.mp3,"[{'genre_id': '17', 'genre_title': 'Folk', 'genre_url': 'http://freemusicarchive.org/genre/Folk/'}]",https://freemusicarchive.org/file/images/albums/Ed_Askew_-_Blue_Piano_-_2009113012359847.jpg,,0,1780,en,754,,4,,All I want to Do,http://freemusicarchive.org/music/Ed_Askew/Blue_Piano/All_I_want_to_Do
195,85,What I Know,http://freemusicarchive.org/music/Ed_Askew/What_I_Know/,127,Ed Askew,http://freemusicarchive.org/music/Ed_Askew/,http://www.facebook.com/ecaskew?v=feed ,http://i.creativecommons.org/l/by-nc-sa/3.0/us/88x31.png,http://fma-files.s3.amazonaws.com/resources/img/licenses/by-nc-sa.png,5,Attribution-NonCommercial-ShareAlike 3.0 International,http://creativecommons.org/licenses/by-nc-sa/3.0/,[],256000,0,,,,11/26/2008 01:47:09 AM,11/26/2008,1,05:39,,,1,music/WFMU/Ed_Askew/What_I_Know/Ed_Askew_-_04_-_I_Remember_You.mp3,"[{'genre_id': '17', 'genre_title': 'Folk', 'genre_url': 'http://freemusicarchive.org/genre/Folk/'}]",https://freemusicarchive.org/file/images/artists/Ed_Askew_-_2009113014737405.jpg,,0,567,en,138,,4,,I Remember You,http://freemusicarchive.org/music/Ed_Askew/What_I_Know/I_Remember_You_1
196,85,What I Know,http://freemusicarchive.org/music/Ed_Askew/What_I_Know/,127,Ed Askew,http://freemusicarchive.org/music/Ed_Askew/,http://www.facebook.com/ecaskew?v=feed ,http://i.creativecommons.org/l/by-nc-sa/3.0/us/88x31.png,http://fma-files.s3.amazonaws.com/resources/img/licenses/by-nc-sa.png,5,Attribution-NonCommercial-ShareAlike 3.0 International,http://creativecommons.org/licenses/by-nc-sa/3.0/,[],256000,0,,,,11/26/2008 01:47:14 AM,11/26/2008,1,02:50,,,0,music/WFMU/Ed_Askew/What_I_Know/Ed_Askew_-_05_-_Bright_Mr_Brother.mp3,"[{'genre_id': '17', 'genre_title': 'Folk', 'genre_url': 'http://freemusicarchive.org/genre/Folk/'}]",https://freemusicarchive.org/file/images/artists/Ed_Askew_-_2009113014737405.jpg,,0,524,en,75,,5,,Bright Mr Brother,http://freemusicarchive.org/music/Ed_Askew/What_I_Know/Bright_Mr_Brother
197,84,Blue Piano,http://freemusicarchive.org/music/Ed_Askew/Blue_Piano/,127,Ed Askew,http://freemusicarchive.org/music/Ed_Askew/,http://www.facebook.com/ecaskew?v=feed ,http://i.creativecommons.org/l/by-nc-sa/3.0/us/88x31.png,http://fma-files.s3.amazonaws.com/resources/img/licenses/by-nc-sa.png,5,Attribution-NonCommercial-ShareAlike 3.0 International,http://creativecommons.org/licenses/by-nc-sa/3.0/,[],256000,0,,,,11/26/2008 01:47:15 AM,,1,01:08,,,1,music/WFMU/Ed_Askew/Blue_Piano/Ed_Askew_-_05_-_Piano_2.mp3,"[{'genre_id': '17', 'genre_title': 'Folk', 'genre_url': 'http://freemusicarchive.org/genre/Folk/'}]",https://freemusicarchive.org/file/images/albums/Ed_Askew_-_Blue_Piano_-_2009113012359847.jpg,,0,2286,en,833,,5,,Piano 2,http://freemusicarchive.org/music/Ed_Askew/Blue_Piano/Piano_2
198,84,Blue Piano,http://freemusicarchive.org/music/Ed_Askew/Blue_Piano/,127,Ed Askew,http://freemusicarchive.org/music/Ed_Askew/,http://www.facebook.com/ecaskew?v=feed ,http://i.creativecommons.org/l/by-nc-sa/3.0/us/88x31.png,http://fma-files.s3.amazonaws.com/resources/img/licenses/by-nc-sa.png,5,Attribution-NonCommercial-ShareAlike 3.0 International,http://creativecommons.org/licenses/by-nc-sa/3.0/,[],256000,0,,,,11/26/2008 01:47:18 AM,,1,04:29,,,2,music/WFMU/Ed_Askew/Blue_Piano/Ed_Askew_-_06_-_It_Breaks_My_Heart.mp3,"[{'genre_id': '17', 'genre_title': 'Folk', 'genre_url': 'http://freemusicarchive.org/genre/Folk/'}]",https://freemusicarchive.org/file/images/albums/Ed_Askew_-_Blue_Piano_-_2009113012359847.jpg,,0,1784,en,451,,6,,It Breaks My Heart,http://freemusicarchive.org/music/Ed_Askew/Blue_Piano/It_Breaks_My_Heart
199,85,What I Know,http://freemusicarchive.org/music/Ed_Askew/What_I_Know/,127,Ed Askew,http://freemusicarchive.org/music/Ed_Askew/,http://www.facebook.com/ecaskew?v=feed ,http://i.creativecommons.org/l/by-nc-sa/3.0/us/88x31.png,http://fma-files.s3.amazonaws.com/resources/img/licenses/by-nc-sa.png,5,Attribution-NonCommercial-ShareAlike 3.0 International,http://creativecommons.org/licenses/by-nc-sa/3.0/,[],256000,0,,,,11/26/2008 01:47:21 AM,11/26/2008,1,04:23,,,0,music/WFMU/Ed_Askew/What_I_Know/Ed_Askew_-_06_-_Rimbaud.mp3,"[{'genre_id': '17', 'genre_title': 'Folk', 'genre_url': 'http://freemusicarchive.org/genre/Folk/'}]",https://freemusicarchive.org/file/images/artists/Ed_Askew_-_2009113014737405.jpg,,0,459,en,38,,6,,Rimbaud,http://freemusicarchive.org/music/Ed_Askew/What_I_Know/Rimbaud
200,84,Blue Piano,http://freemusicarchive.org/music/Ed_Askew/Blue_Piano/,127,Ed Askew,http://freemusicarchive.org/music/Ed_Askew/,http://www.facebook.com/ecaskew?v=feed ,http://i.creativecommons.org/l/by-nc-sa/3.0/us/88x31.png,http://fma-files.s3.amazonaws.com/resources/img/licenses/by-nc-sa.png,5,Attribution-NonCommercial-ShareAlike 3.0 International,http://creativecommons.org/licenses/by-nc-sa/3.0/,[],256000,0,,,,11/26/2008 01:47:25 AM,,1,03:14,,,1,music/WFMU/Ed_Askew/Blue_Piano/Ed_Askew_-_07_-_Baby_Come_Home.mp3,"[{'genre_id': '17', 'genre_title': 'Folk', 'genre_url': 'http://freemusicarchive.org/genre/Folk/'}]",https://freemusicarchive.org/file/images/albums/Ed_Askew_-_Blue_Piano_-_2009113012359847.jpg,,0,1945,en,772,,7,,Baby Come Home,http://freemusicarchive.org/music/Ed_Askew/Blue_Piano/Baby_Come_Home
201,85,What I Know,http://freemusicarchive.org/music/Ed_Askew/What_I_Know/,127,Ed Askew,http://freemusicarchive.org/music/Ed_Askew/,http://www.facebook.com/ecaskew?v=feed ,http://i.creativecommons.org/l/by-nc-sa/3.0/us/88x31.png,http://fma-files.s3.amazonaws.com/resources/img/licenses/by-nc-sa.png,5,Attribution-NonCommercial-ShareAlike 3.0 International,http://creativecommons.org/licenses/by-nc-sa/3.0/,[],256000,0,,,,11/26/2008 01:47:27 AM,11/26/2008,1,03:30,,,1,music/WFMU/Ed_Askew/What_I_Know/Ed_Askew_-_07_-_Big_City.mp3,"[{'genre_id': '17', 'genre_title': 'Folk', 'genre_url': 'http://freemusicarchive.org/genre/Folk/'}]",https://freemusicarchive.org/file/images/artists/Ed_Askew_-_2009113014737405.jpg,,0,870,en,150,,7,,Big City,http://freemusicarchive.org/music/Ed_Askew/What_I_Know/Big_City
202,85,What I Know,http://freemusicarchive.org/music/Ed_Askew/What_I_Know/,127,Ed Askew,http://freemusicarchive.org/music/Ed_Askew/,http://www.facebook.com/ecaskew?v=feed ,http://i.creativecommons.org/l/by-nc-sa/3.0/us/88x31.png,http://fma-files.s3.amazonaws.com/resources/img/licenses/by-nc-sa.png,5,Attribution-NonCommercial-ShareAlike 3.0 International,http://creativecommons.org/licenses/by-nc-sa/3.0/,[],256000,0,,,,11/26/2008 01:47:30 AM,11/26/2008,1,04:18,,,0,music/WFMU/Ed_Askew/What_I_Know/Ed_Askew_-_08_-_Palomino.mp3,"[{'genre_id': '17', 'genre_title': 'Folk', 'genre_url': 'http://freemusicarchive.org/genre/Folk/'}]",https://freemusicarchive.org/file/images/artists/Ed_Askew_-_2009113014737405.jpg,,0,682,en,46,,8,,Palomino,http://freemusicarchive.org/music/Ed_Askew/What_I_Know/Palomino
203,84,Blue Piano,http://freemusicarchive.org/music/Ed_Askew/Blue_Piano/,127,Ed Askew,http://freemusicarchive.org/music/Ed_Askew/,http://www.facebook.com/ecaskew?v=feed ,http://i.creativecommons.org/l/by-nc-sa/3.0/us/88x31.png,http://fma-files.s3.amazonaws.com/resources/img/licenses/by-nc-sa.png,5,Attribution-NonCommercial-ShareAlike 3.0 International,http://creativecommons.org/licenses/by-nc-sa/3.0/,[],256000,0,,,,11/26/2008 01:47:34 AM,,1,03:15,,,2,music/WFMU/Ed_Askew/Blue_Piano/Ed_Askew_-_08_-_Song_For_R.mp3,"[{'genre_id': '17', 'genre_title': 'Folk', 'genre_url': 'http://freemusicarchive.org/genre/Folk/'}]",https://freemusicarchive.org/file/images/albums/Ed_Askew_-_Blue_Piano_-_2009113012359847.jpg,,0,1737,en,603,,8,,Song For R,http://freemusicarchive.org/music/Ed_Askew/Blue_Piano/Song_For_R
204,84,Blue Piano,http://freemusicarchive.org/music/Ed_Askew/Blue_Piano/,127,Ed Askew,http://freemusicarchive.org/music/Ed_Askew/,http://www.facebook.com/ecaskew?v=feed ,http://i.creativecommons.org/l/by-nc-sa/3.0/us/88x31.png,http://fma-files.s3.amazonaws.com/resources/img/licenses/by-nc-sa.png,5,Attribution-NonCommercial-ShareAlike 3.0 International,http://creativecommons.org/licenses/by-nc-sa/3.0/,[],256000,0,,,,11/26/2008 01:47:37 AM,,1,05:24,,,0,music/WFMU/Ed_Askew/Blue_Piano/Ed_Askew_-_09_-_My_Dream.mp3,"[{'genre_id': '17', 'genre_title': 'Folk', 'genre_url': 'http://freemusicarchive.org/genre/Folk/'}]",https://freemusicarchive.org/file/images/albums/Ed_Askew_-_Blue_Piano_-_2009113012359847.jpg,,0,1954,en,688,,9,,My Dream,http://freemusicarchive.org/music/Ed_Askew/Blue_Piano/My_Dream
205,85,What I Know,http://freemusicarchive.org/music/Ed_Askew/What_I_Know/,127,Ed Askew,http://freemusicarchive.org/music/Ed_Askew/,http://www.facebook.com/ecaskew?v=feed ,http://i.creativecommons.org/l/by-nc-sa/3.0/us/88x31.png,http://fma-files.s3.amazonaws.com/resources/img/licenses/by-nc-sa.png,5,Attribution-NonCommercial-ShareAlike 3.0 International,http://creativecommons.org/licenses/by-nc-sa/3.0/,[],256000,0,,,,11/26/2008 01:47:41 AM,11/26/2008,1,04:04,,,0,music/WFMU/Ed_Askew/What_I_Know/Ed_Askew_-_09_-_What_Crow_Saw.mp3,"[{'genre_id': '17', 'genre_title': 'Folk', 'genre_url': 'http://freemusicarchive.org/genre/Folk/'}]",https://freemusicarchive.org/file/images/artists/Ed_Askew_-_2009113014737405.jpg,,0,556,en,69,,9,,What Crow Saw,http://freemusicarchive.org/music/Ed_Askew/What_I_Know/What_Crow_Saw
206,85,What I Know,http://freemusicarchive.org/music/Ed_Askew/What_I_Know/,127,Ed Askew,http://freemusicarchive.org/music/Ed_Askew/,http://www.facebook.com/ecaskew?v=feed ,http://i.creativecommons.org/l/by-nc-sa/3.0/us/88x31.png,http://fma-files.s3.amazonaws.com/resources/img/licenses/by-nc-sa.png,5,Attribution-NonCommercial-ShareAlike 3.0 International,http://creativecommons.org/licenses/by-nc-sa/3.0/,[],256000,0,,,,11/26/2008 01:47:45 AM,11/26/2008,1,02:21,,,2,music/WFMU/Ed_Askew/What_I_Know/Ed_Askew_-_10_-_Bella_Crane.mp3,"[{'genre_id': '17', 'genre_title': 'Folk', 'genre_url': 'http://freemusicarchive.org/genre/Folk/'}]",https://freemusicarchive.org/file/images/artists/Ed_Askew_-_2009113014737405.jpg,,0,510,en,87,,10,,Bella Crane,http://freemusicarchive.org/music/Ed_Askew/What_I_Know/Bella_Crane
207,84,Blue Piano,http://freemusicarchive.org/music/Ed_Askew/Blue_Piano/,127,Ed Askew,http://freemusicarchive.org/music/Ed_Askew/,http://www.facebook.com/ecaskew?v=feed ,http://i.creativecommons.org/l/by-nc-sa/3.0/us/88x31.png,http://fma-files.s3.amazonaws.com/resources/img/licenses/by-nc-sa.png,5,Attribution-NonCommercial-ShareAlike 3.0 International,http://creativecommons.org/licenses/by-nc-sa/3.0/,[],256000,0,,,,11/26/2008 01:47:47 AM,,1,01:36,,,0,music/WFMU/Ed_Askew/Blue_Piano/Ed_Askew_-_10_-_Piano_3.mp3,"[{'genre_id': '17', 'genre_title': 'Folk', 'genre_url': 'http://freemusicarchive.org/genre/Folk/'}]",https://freemusicarchive.org/file/images/albums/Ed_Askew_-_Blue_Piano_-_2009113012359847.jpg,,0,2811,en,609,,10,,Piano 3,http://freemusicarchive.org/music/Ed_Askew/Blue_Piano/Piano_3
208,84,Blue Piano,http://freemusicarchive.org/music/Ed_Askew/Blue_Piano/,127,Ed Askew,http://freemusicarchive.org/music/Ed_Askew/,http://www.facebook.com/ecaskew?v=feed ,http://i.creativecommons.org/l/by-nc-sa/3.0/us/88x31.png,http://fma-files.s3.amazonaws.com/resources/img/licenses/by-nc-sa.png,5,Attribution-NonCommercial-ShareAlike 3.0 International,http://creativecommons.org/licenses/by-nc-sa/3.0/,[],256000,0,,,,11/26/2008 01:47:49 AM,,1,04:33,,,0,music/WFMU/Ed_Askew/Blue_Piano/Ed_Askew_-_11_-_Safe_Harbor.mp3,"[{'genre_id': '17', 'genre_title': 'Folk', 'genre_url': 'http://freemusicarchive.org/genre/Folk/'}]",https://freemusicarchive.org/file/images/albums/Ed_Askew_-_Blue_Piano_-_2009113012359847.jpg,,0,1239,en,397,,11,,Safe Harbor,http://freemusicarchive.org/music/Ed_Askew/Blue_Piano/Safe_Harbor
209,84,Blue Piano,http://freemusicarchive.org/music/Ed_Askew/Blue_Piano/,127,Ed Askew,http://freemusicarchive.org/music/Ed_Askew/,http://www.facebook.com/ecaskew?v=feed ,http://i.creativecommons.org/l/by-nc-sa/3.0/us/88x31.png,http://fma-files.s3.amazonaws.com/resources/img/licenses/by-nc-sa.png,5,Attribution-NonCommercial-ShareAlike 3.0 International,http://creativecommons.org/licenses/by-nc-sa/3.0/,[],256000,0,,,,11/26/2008 01:47:53 AM,,1,05:28,,,0,music/WFMU/Ed_Askew/Blue_Piano/Ed_Askew_-_12_-_Safe_Harbor.mp3,"[{'genre_id': '17', 'genre_title': 'Folk', 'genre_url': 'http://freemusicarchive.org/genre/Folk/'}]",https://freemusicarchive.org/file/images/albums/Ed_Askew_-_Blue_Piano_-_2009113012359847.jpg,,0,1276,en,351,,12,,Safe Harbor,http://freemusicarchive.org/music/Ed_Askew/Blue_Piano/Safe_Harbor_1
210,84,Blue Piano,http://freemusicarchive.org/music/Ed_Askew/Blue_Piano/,127,Ed Askew,http://freemusicarchive.org/music/Ed_Askew/,http://www.facebook.com/ecaskew?v=feed ,http://i.creativecommons.org/l/by-nc-sa/3.0/us/88x31.png,http://fma-files.s3.amazonaws.com/resources/img/licenses/by-nc-sa.png,5,Attribution-NonCommercial-ShareAlike 3.0 International,http://creativecommons.org/licenses/by-nc-sa/3.0/,[],256000,0,,,,11/26/2008 01:47:58 AM,,1,03:04,,,1,music/WFMU/Ed_Askew/Blue_Piano/Ed_Askew_-_13_-_In_the_French_Court.mp3,"[{'genre_id': '17', 'genre_title': 'Folk', 'genre_url': 'http://freemusicarchive.org/genre/Folk/'}]",https://freemusicarchive.org/file/images/albums/Ed_Askew_-_Blue_Piano_-_2009113012359847.jpg,,0,3706,en,1824,,13,,In the French Court,http://freemusicarchive.org/music/Ed_Askew/Blue_Piano/In_the_French_Court
211,84,Blue Piano,http://freemusicarchive.org/music/Ed_Askew/Blue_Piano/,127,Ed Askew,http://freemusicarchive.org/music/Ed_Askew/,http://www.facebook.com/ecaskew?v=feed ,http://i.creativecommons.org/l/by-nc-sa/3.0/us/88x31.png,http://fma-files.s3.amazonaws.com/resources/img/licenses/by-nc-sa.png,5,Attribution-NonCommercial-ShareAlike 3.0 International,http://creativecommons.org/licenses/by-nc-sa/3.0/,[],256000,0,,,,11/26/2008 01:48:00 AM,,1,04:07,,,3,music/WFMU/Ed_Askew/Blue_Piano/Ed_Askew_-_14_-_In_America.mp3,"[{'genre_id': '17', 'genre_title': 'Folk', 'genre_url': 'http://freemusicarchive.org/genre/Folk/'}]",https://freemusicarchive.org/file/images/albums/Ed_Askew_-_Blue_Piano_-_2009113012359847.jpg,,0,16106,en,1714,,14,,In America,http://freemusicarchive.org/music/Ed_Askew/Blue_Piano/In_America
212,84,Blue Piano,http://freemusicarchive.org/music/Ed_Askew/Blue_Piano/,127,Ed Askew,http://freemusicarchive.org/music/Ed_Askew/,http://www.facebook.com/ecaskew?v=feed ,http://i.creativecommons.org/l/by-nc-sa/3.0/us/88x31.png,http://fma-files.s3.amazonaws.com/resources/img/licenses/by-nc-sa.png,5,Attribution-NonCommercial-ShareAlike 3.0 International,http://creativecommons.org/licenses/by-nc-sa/3.0/,[],256000,0,,,,11/26/2008 01:48:07 AM,,1,03:50,,,2,music/WFMU/Ed_Askew/Blue_Piano/Ed_Askew_-_15_-_When_I_Arive.mp3,"[{'genre_id': '17', 'genre_title': 'Folk', 'genre_url': 'http://freemusicarchive.org/genre/Folk/'}]",https://freemusicarchive.org/file/images/albums/Ed_Askew_-_Blue_Piano_-_2009113012359847.jpg,,0,2299,en,551,,15,,When I Arive,http://freemusicarchive.org/music/Ed_Askew/Blue_Piano/When_I_Arive
213,86,Au,http://freemusicarchive.org/music/Au/Au/,66,Au,http://freemusicarchive.org/music/Au/,http://au-au-au.com/  http://myspace.com/peaofthesea,http://i.creativecommons.org/l/by-nc-sa/3.0/us/88x31.png,http://fma-files.s3.amazonaws.com/resources/img/licenses/by-nc-sa.png,5,Attribution-NonCommercial-ShareAlike 3.0 International,http://creativecommons.org/licenses/by-nc-sa/3.0/,[],256000,0,Luke Wyland,,,11/26/2008 01:48:12 AM,1/01/2007,1,04:07,,,10,music/WFMU/Au/Au/Au_-_01_-_Boute.mp3,"[{'genre_id': '10', 'genre_title': 'Pop', 'genre_url': 'http://freemusicarchive.org/genre/Pop/'}]",https://freemusicarchive.org/file/images/albums/Au_-_Au_-_2009113011908696.jpg,,0,2828,en,1148,,1,,Boute,http://freemusicarchive.org/music/Au/Au/Boute
226,88,Bad News Bats,http://freemusicarchive.org/music/Bad_News_Bats/Bad_News_Bats/,68,Bad News Bats,http://freemusicarchive.org/music/Bad_News_Bats/,,http://i.creativecommons.org/l/by-nc-sa/3.0/us/88x31.png,http://fma-files.s3.amazonaws.com/resources/img/licenses/by-nc-sa.png,5,Attribution-Noncommercial-Share Alike 3.0 United States,http://creativecommons.org/licenses/by-nc-sa/3.0/us/,[],197144,0,,,,11/26/2008 01:48:54 AM,1/01/2006,1,03:51,,,4,music/WFMU/Bad_News_Bats/Bad_News_Bats/Bad_News_Bats_-_02_-_WTM.mp3,"[{'genre_id': '25', 'genre_title': 'Punk', 'genre_url': 'http://freemusicarchive.org/genre/Punk/'}]",,,0,2764,en,1351,,2,,W.T.M.,http://freemusicarchive.org/music/Bad_News_Bats/Bad_News_Bats/WTM
228,88,Bad News Bats,http://freemusicarchive.org/music/Bad_News_Bats/Bad_News_Bats/,68,Bad News Bats,http://freemusicarchive.org/music/Bad_News_Bats/,,http://i.creativecommons.org/l/by-nc-sa/3.0/us/88x31.png,http://fma-files.s3.amazonaws.com/resources/img/licenses/by-nc-sa.png,5,Attribution-Noncommercial-Share Alike 3.0 United States,http://creativecommons.org/licenses/by-nc-sa/3.0/us/,[],190365,0,,,,11/26/2008 01:49:00 AM,1/01/2006,1,03:38,,,2,music/WFMU/Bad_News_Bats/Bad_News_Bats/Bad_News_Bats_-_04_-_Dont_Run_With_Pizzas.mp3,"[{'genre_id': '25', 'genre_title': 'Punk', 'genre_url': 'http://freemusicarchive.org/genre/Punk/'}]",,,0,2467,en,1366,,4,,Don't Run With Pizzas,http://freemusicarchive.org/music/Bad_News_Bats/Bad_News_Bats/Dont_Run_With_Pizzas
236,93,Bersa Discos #8,http://freemusicarchive.org/music/Banana_Clipz/Banana_Clipz_1451/,73,Banana Clipz,http://freemusicarchive.org/music/Banana_Clipz/,http://www.myspace.com/bananaclipzzz,http://i.creativecommons.org/l/by-nc-sa/3.0/us/88x31.png,http://fma-files.s3.amazonaws.com/resources/img/licenses/by-nc-sa.png,5,Attribution-Noncommercial-Share Alike 3.0 United States,http://creativecommons.org/licenses/by-nc-sa/3.0/us/,[],320000,0,,,,11/26/2008 01:49:25 AM,,1,05:09,,,24,music/WFMU/Banana_Clipz/Banana_Clipz/Banana_Clipz_-_Push_Am_Left_Right.mp3,"[{'genre_id': '15', 'genre_title': 'Electronic', 'genre_url': 'http://freemusicarchive.org/genre/Electronic/'}, {'genre_id': '92', 'genre_title': 'African', 'genre_url': 'http://freemusicarchive.org/genre/African/'}]",,,0,11240,en,7668,,0,,"Push Am (Left, Right)",http://freemusicarchive.org/music/Banana_Clipz/Banana_Clipz_1451/Push_Am_Left_Right
237,94,6,http://freemusicarchive.org/music/Barnacled/6/,74,Barnacled,http://freemusicarchive.org/music/Barnacled/,http://bkrstk.com/barnacled/,http://i.creativecommons.org/l/by-nc-nd/3.0/88x31.png,http://fma-files.s3.amazonaws.com/resources/img/licenses/by-nc-nd.png,,Attribution-NonCommercial-NoDerivatives (aka Music Sharing) 3.0 International,http://creativecommons.org/licenses/by-nc-nd/3.0/,[],256000,0,,,,11/26/2008 01:49:31 AM,1/01/2003,1,07:30,Radio-Safe,,7,music/WFMU/Barnacled/6/Barnacled_-_07_-_Garbage_and_Garbage_and_Fire.mp3,"[{'genre_id': '4', 'genre_title': 'Jazz', 'genre_url': 'http://freemusicarchive.org/genre/Jazz/'}]",https://freemusicarchive.org/file/images/albums/Barnacled_-_6_-_2010040730812687.jpg,,1,1391,en,1276,,7,,Garbage and (Garbage and Fire),http://freemusicarchive.org/music/Barnacled/6/Garbage_and_Garbage_and_Fire
238,94,6,http://freemusicarchive.org/music/Barnacled/6/,74,Barnacled,http://freemusicarchive.org/music/Barnacled/,http://bkrstk.com/barnacled/,http://i.creativecommons.org/l/by-nc-nd/3.0/88x31.png,http://fma-files.s3.amazonaws.com/resources/img/licenses/by-nc-nd.png,,Attribution-NonCommercial-NoDerivatives (aka Music Sharing) 3.0 International,http://creativecommons.org/licenses/by-nc-nd/3.0/,[],256000,0,,,,11/26/2008 01:49:38 AM,1/01/2003,1,13:41,Radio-Safe,,1,music/WFMU/Barnacled/6/Barnacled_-_11_-_France_Attacks.mp3,"[{'genre_id': '4', 'genre_title': 'Jazz', 'genre_url': 'http://freemusicarchive.org/genre/Jazz/'}]",https://freemusicarchive.org/file/images/albums/Barnacled_-_6_-_2010040730812687.jpg,,1,1394,en,1277,,11,,France Attacks,http://freemusicarchive.org/music/Barnacled/6/France_Attacks
246,99,Open Relationship,http://freemusicarchive.org/music/Bird_Names/Open_Relationship/,80,Bird Names,http://freemusicarchive.org/music/Bird_Names/,http://northern-spy.com/artists/bird-names/,http://i.creativecommons.org/l/by-nc-sa/3.0/us/88x31.png,http://fma-files.s3.amazonaws.com/resources/img/licenses/by-nc-sa.png,5,Attribution-Noncommercial-Share Alike 3.0 United States,http://creativecommons.org/licenses/by-nc-sa/3.0/us/,[],256000,0,,,,11/26/2008 01:50:15 AM,10/20/2007,1,02:42,Radio-Safe,,7,music/WFMU/Bird_Names/Open_Relationship/Bird_Names_-_01_-_Referents.mp3,"[{'genre_id': '12', 'genre_title': 'Rock', 'genre_url': 'http://freemusicarchive.org/genre/Rock/'}, {'genre_id': '76', 'genre_title': 'Experimental Pop', 'genre_url': 'http://freemusicarchive.org/genre/Experimental_Pop/'}]",https://freemusicarchive.org/file/images/albums/Bird_Names_-_Open_Relationship_-_2009113011940883.jpg,,0,1650,en,1328,David Lineal,1,,Referents,http://freemusicarchive.org/music/Bird_Names/Open_Relationship/Referents
247,100,On Opaque Things,http://freemusicarchive.org/music/Bird_Names/On_Opaque_Things/,80,Bird Names,http://freemusicarchive.org/music/Bird_Names/,http://northern-spy.com/artists/bird-names/,http://i.creativecommons.org/l/by-nc-sa/3.0/us/88x31.png,http://fma-files.s3.amazonaws.com/resources/img/licenses/by-nc-sa.png,5,Attribution-Noncommercial-Share Alike 3.0 United States,http://creativecommons.org/licenses/by-nc-sa/3.0/us/,[],256000,0,,,,11/26/2008 01:50:17 AM,11/26/2006,1,02:26,,,3,music/WFMU/Bird_Names/On_Opaque_Things/Bird_Names_-_02_-_A_New_Map_for_Kissing.mp3,"[{'genre_id': '12', 'genre_title': 'Rock', 'genre_url': 'http://freemusicarchive.org/genre/Rock/'}]",https://freemusicarchive.org/file/images/albums/Bird_Names_-_On_Opaque_Things_-_20100201151648616.jpg,,0,1549,en,532,,2,,A New Map for Kissing,http://freemusicarchive.org/music/Bird_Names/On_Opaque_Things/A_New_Map_for_Kissing
248,101,Wooden Lake Sexual Diner,http://freemusicarchive.org/music/Bird_Names/Wooden_Lake_Sexual_Diner/,80,Bird Names,http://freemusicarchive.org/music/Bird_Names/,http://northern-spy.com/artists/bird-names/,http://i.creativecommons.org/l/by-nc-sa/3.0/us/88x31.png,http://fma-files.s3.amazonaws.com/resources/img/licenses/by-nc-sa.png,5,Attribution-Noncommercial-Share Alike 3.0 United States,http://creativecommons.org/licenses/by-nc-sa/3.0/us/,[],256000,0,,,,11/26/2008 01:50:21 AM,8/26/2006,1,02:49,,,2,music/WFMU/Bird_Names/Wooden_Lake_Sexual_Diner/Bird_Names_-_02_-_Ghosts.mp3,"[{'genre_id': '12', 'genre_title': 'Rock', 'genre_url': 'http://freemusicarchive.org/genre/Rock/'}, {'genre_id': '76', 'genre_title': 'Experimental Pop', 'genre_url': 'http://freemusicarchive.org/genre/Experimental_Pop/'}]",https://freemusicarchive.org/file/images/albums/Bird_Names_-_Wooden_Lake_Sexual_Diner_-_2009113011942440.jpg,,0,1345,en,747,,2,,Ghosts,http://freemusicarchive.org/music/Bird_Names/Wooden_Lake_Sexual_Diner/Ghosts
249,100,On Opaque Things,http://freemusicarchive.org/music/Bird_Names/On_Opaque_Things/,80,Bird Names,http://freemusicarchive.org/music/Bird_Names/,http://northern-spy.com/artists/bird-names/,http://i.creativecommons.org/l/by-nc-sa/3.0/us/88x31.png,http://fma-files.s3.amazonaws.com/resources/img/licenses/by-nc-sa.png,5,Attribution-Noncommercial-Share Alike 3.0 United States,http://creativecommons.org/licenses/by-nc-sa/3.0/us/,[],256000,0,,,,11/26/2008 01:50:23 AM,11/26/2006,1,02:05,,,3,music/WFMU/Bird_Names/On_Opaque_Things/Bird_Names_-_04_-_The_Indefinite_Time_Yet_to_Come.mp3,"[{'genre_id': '12', 'genre_title': 'Rock', 'genre_url': 'http://freemusicarchive.org/genre/Rock/'}]",https://freemusicarchive.org/file/images/albums/Bird_Names_-_On_Opaque_Things_-_20100201151648616.jpg,,0,1470,en,425,,4,,The Indefinite Time Yet to Come,http://freemusicarchive.org/music/Bird_Names/On_Opaque_Things/The_Indefinite_Time_Yet_to_Come
250,101,Wooden Lake Sexual Diner,http://freemusicarchive.org/music/Bird_Names/Wooden_Lake_Sexual_Diner/,80,Bird Names,http://freemusicarchive.org/music/Bird_Names/,http://northern-spy.com/artists/bird-names/,http://i.creativecommons.org/l/by-nc-sa/3.0/us/88x31.png,http://fma-files.s3.amazonaws.com/resources/img/licenses/by-nc-sa.png,5,Attribution-Noncommercial-Share Alike 3.0 United States,http://creativecommons.org/licenses/by-nc-sa/3.0/us/,[],256000,0,,,,11/26/2008 01:50:25 AM,8/26/2006,1,03:34,,,3,music/WFMU/Bird_Names/Wooden_Lake_Sexual_Diner/Bird_Names_-_05_-_Smoovebiz.mp3,"[{'genre_id': '12', 'genre_title': 'Rock', 'genre_url': 'http://freemusicarchive.org/genre/Rock/'}, {'genre_id': '76', 'genre_title': 'Experimental Pop', 'genre_url': 'http://freemusicarchive.org/genre/Experimental_Pop/'}]",https://freemusicarchive.org/file/images/albums/Bird_Names_-_Wooden_Lake_Sexual_Diner_-_2009113011942440.jpg,,0,875,en,594,,5,,Smoovebiz,http://freemusicarchive.org/music/Bird_Names/Wooden_Lake_Sexual_Diner/Smoovebiz
251,101,Wooden Lake Sexual Diner,http://freemusicarchive.org/music/Bird_Names/Wooden_Lake_Sexual_Diner/,80,Bird Names,http://freemusicarchive.org/music/Bird_Names/,http://northern-spy.com/artists/bird-names/,http://i.creativecommons.org/l/by-nc-sa/3.0/us/88x31.png,http://fma-files.s3.amazonaws.com/resources/img/licenses/by-nc-sa.png,5,Attribution-Noncommercial-Share Alike 3.0 United States,http://creativecommons.org/licenses/by-nc-sa/3.0/us/,[],256000,0,,,,11/26/2008 01:50:28 AM,8/26/2006,1,01:54,,,5,music/WFMU/Bird_Names/Wooden_Lake_Sexual_Diner/Bird_Names_-_09_-_Nobody_Loves_Me.mp3,"[{'genre_id': '12', 'genre_title': 'Rock', 'genre_url': 'http://freemusicarchive.org/genre/Rock/'}, {'genre_id': '76', 'genre_title': 'Experimental Pop', 'genre_url': 'http://freemusicarchive.org/genre/Experimental_Pop/'}]",https://freemusicarchive.org/file/images/albums/Bird_Names_-_Wooden_Lake_Sexual_Diner_-_2009113011942440.jpg,,0,1122,en,855,,9,,Nobody Loves Me,http://freemusicarchive.org/music/Bird_Names/Wooden_Lake_Sexual_Diner/Nobody_Loves_Me
252,100,On Opaque Things,http://freemusicarchive.org/music/Bird_Names/On_Opaque_Things/,80,Bird Names,http://freemusicarchive.org/music/Bird_Names/,http://northern-spy.com/artists/bird-names/,http://i.creativecommons.org/l/by-nc-sa/3.0/us/88x31.png,http://fma-files.s3.amazonaws.com/resources/img/licenses/by-nc-sa.png,5,Attribution-Noncommercial-Share Alike 3.0 United States,http://creativecommons.org/licenses/by-nc-sa/3.0/us/,[],256000,0,,,,11/26/2008 01:50:30 AM,11/26/2006,1,02:53,,,2,music/WFMU/Bird_Names/On_Opaque_Things/Bird_Names_-_10_-_Its_Becoming_a_Stranger.mp3,"[{'genre_id': '12', 'genre_title': 'Rock', 'genre_url': 'http://freemusicarchive.org/genre/Rock/'}]",https://freemusicarchive.org/file/images/albums/Bird_Names_-_On_Opaque_Things_-_20100201151648616.jpg,,0,512,en,374,,10,,It's Becoming a Stranger,http://freemusicarchive.org/music/Bird_Names/On_Opaque_Things/Its_Becoming_a_Stranger
253,99,Open Relationship,http://freemusicarchive.org/music/Bird_Names/Open_Relationship/,80,Bird Names,http://freemusicarchive.org/music/Bird_Names/,http://northern-spy.com/artists/bird-names/,http://i.creativecommons.org/l/by-nc-sa/3.0/us/88x31.png,http://fma-files.s3.amazonaws.com/resources/img/licenses/by-nc-sa.png,5,Attribution-Noncommercial-Share Alike 3.0 United States,http://creativecommons.org/licenses/by-nc-sa/3.0/us/,[],256000,0,,,,11/26/2008 01:50:32 AM,10/20/2007,1,02:28,Radio-Safe,,4,music/WFMU/Bird_Names/Open_Relationship/Bird_Names_-_10_-_New_Life.mp3,"[{'genre_id': '12', 'genre_title': 'Rock', 'genre_url': 'http://freemusicarchive.org/genre/Rock/'}, {'genre_id': '76', 'genre_title': 'Experimental Pop', 'genre_url': 'http://freemusicarchive.org/genre/Experimental_Pop/'}]",https://freemusicarchive.org/file/images/albums/Bird_Names_-_Open_Relationship_-_2009113011940883.jpg,,0,1647,en,1045,David Lineal,10,,New Life,http://freemusicarchive.org/music/Bird_Names/Open_Relationship/New_Life
254,99,Open Relationship,http://freemusicarchive.org/music/Bird_Names/Open_Relationship/,80,Bird Names,http://freemusicarchive.org/music/Bird_Names/,http://northern-spy.com/artists/bird-names/,http://i.creativecommons.org/l/by-nc-sa/3.0/us/88x31.png,http://fma-files.s3.amazonaws.com/resources/img/licenses/by-nc-sa.png,5,Attribution-Noncommercial-Share Alike 3.0 United States,http://creativecommons.org/licenses/by-nc-sa/3.0/us/,[],256000,0,,,,11/26/2008 01:50:34 AM,10/20/2007,1,02:51,Radio-Safe,,4,music/WFMU/Bird_Names/Open_Relationship/Bird_Names_-_11_-_Masters_Of_Enjoyment.mp3,"[{'genre_id': '12', 'genre_title': 'Rock', 'genre_url': 'http://freemusicarchive.org/genre/Rock/'}, {'genre_id': '76', 'genre_title': 'Experimental Pop', 'genre_url': 'http://freemusicarchive.org/genre/Experimental_Pop/'}]",https://freemusicarchive.org/file/images/albums/Bird_Names_-_Open_Relationship_-_2009113011940883.jpg,,0,2418,en,744,David Lineal,11,,Masters Of Enjoyment,http://freemusicarchive.org/music/Bird_Names/Open_Relationship/Masters_Of_Enjoyment
